sbi_stage,ucf_stage,xception_stage,sbi_upper_threshold,sbi_lower_threshold,ucf_upper_threshold,ucf_lower_threshold,xception_upper_threshold,xception_lower_threshold,FAR Limit,FAR,FRR
2,1,3,0.2,0.05,0.15,0.05,0.1,0.1,0.015,0.014993,0.833537
2,1,3,0.25,0.05,0.2,0.05,0.4,0.4,0.020,0.019985,0.768729
2,1,3,0.35,0.05,0.25,0.05,0.4,0.4,0.025,0.024918,0.724298
2,1,3,0.4,0.05,0.3,0.05,0.4,0.4,0.030,0.02958,0.685298
2,1,3,0.4,0.05,0.35,0.05,0.4,0.4,0.035,0.034538,0.651272
2,1,3,0.35,0.05,0.4,0.05,0.4,0.4,0.040,0.039573,0.617589
2,1,3,0.4,0.05,0.4,0.05,0.45,0.45,0.045,0.044558,0.591482
2,1,3,0.45,0.05,0.45,0.05,0.4,0.4,0.050,0.049526,0.568174
2,1,3,0.45,0.05,0.45,0.05,0.45,0.45,0.055,0.054881,0.543685
2,1,3,0.6,0.05,0.45,0.05,0.45,0.45,0.060,0.059538,0.531678
2,1,3,0.4,0.05,0.5,0.05,0.45,0.45,0.065,0.063554,0.513044
2,1,3,0.4,0.05,0.45,0.05,0.55,0.55,0.070,0.06962,0.493928
2,1,3,0.45,0.05,0.55,0.05,0.45,0.45,0.075,0.074805,0.477788
2,1,3,0.35,0.05,0.5,0.05,0.55,0.55,0.080,0.079353,0.46122
2,1,3,0.4,0.05,0.5,0.05,0.55,0.55,0.085,0.083692,0.450025
2,1,3,0.4,0.05,0.65,0.05,0.45,0.45,0.090,0.089766,0.435363
2,1,3,0.45,0.05,0.65,0.05,0.45,0.45,0.095,0.092558,0.426049
2,1,3,0.35,0.05,0.55,0.05,0.6,0.6,0.100,0.099535,0.409869
2,1,3,0.35,0.05,0.6,0.05,0.55,0.55,0.105,0.10261,0.400927
2,1,3,0.4,0.05,0.6,0.05,0.55,0.55,0.110,0.108424,0.388148
2,1,3,0.35,0.05,0.65,0.05,0.55,0.55,0.115,0.113436,0.37279
2,1,3,0.4,0.05,0.65,0.05,0.55,0.55,0.120,0.119937,0.359272
2,1,3,0.35,0.05,0.65,0.05,0.6,0.6,0.125,0.124164,0.349555
2,1,3,0.35,0.05,0.7,0.05,0.55,0.55,0.130,0.126748,0.346089
2,1,3,0.4,0.05,0.7,0.05,0.55,0.55,0.135,0.134094,0.331871
2,1,3,0.45,0.05,0.65,0.05,0.6,0.6,0.140,0.138149,0.321079
2,1,3,0.4,0.05,0.65,0.05,0.65,0.65,0.145,0.143671,0.317693
2,1,3,0.4,0.05,0.7,0.05,0.6,0.6,0.150,0.147586,0.306212
2,1,3,0.45,0.05,0.7,0.05,0.6,0.6,0.155,0.154671,0.291696
2,1,3,0.4,0.05,0.75,0.1,0.55,0.55,0.160,0.15983,0.291014
2,1,3,0.35,0.05,0.75,0.1,0.6,0.6,0.165,0.164919,0.281459
2,1,3,0.45,0.05,0.75,0.05,0.6,0.6,0.170,0.1699,0.26642
2,1,3,0.45,0.05,0.75,0.05,0.6,0.6,0.175,0.1699,0.26642
2,1,3,0.5,0.05,0.75,0.05,0.6,0.6,0.180,0.178845,0.257053
2,1,3,0.45,0.05,0.85,0.05,0.55,0.55,0.185,0.183164,0.249401
2,1,3,0.45,0.05,0.8,0.05,0.6,0.6,0.190,0.186323,0.241459
2,1,3,0.4,0.05,0.85,0.05,0.6,0.6,0.195,0.193195,0.235621
2,1,3,0.45,0.05,0.8,0.1,0.6,0.6,0.200,0.198184,0.228499
2,1,3,0.45,0.05,0.85,0.05,0.6,0.6,0.205,0.202646,0.219342
2,1,3,0.45,0.05,0.9,0.1,0.55,0.55,0.210,0.20974,0.215754
2,1,3,0.45,0.05,0.85,0.1,0.6,0.6,0.215,0.214507,0.206382
2,1,3,0.45,0.05,0.9,0.05,0.6,0.6,0.220,0.218372,0.200702
2,1,3,0.5,0.05,0.85,0.1,0.6,0.6,0.225,0.224971,0.197272
2,1,3,0.45,0.05,0.85,0.15,0.6,0.6,0.230,0.22596,0.195529
2,1,3,0.45,0.05,0.85,0.1,0.65,0.65,0.235,0.233169,0.187237
2,1,3,0.45,0.05,0.9,0.05,0.65,0.65,0.240,0.239192,0.178934
2,1,3,0.55,0.05,0.85,0.05,0.65,0.65,0.245,0.244884,0.176618
2,1,3,0.55,0.05,0.85,0.05,0.65,0.65,0.250,0.244884,0.176618
2,1,3,0.5,0.05,0.9,0.05,0.65,0.65,0.255,0.252679,0.168
2,1,3,0.45,0.05,0.9,0.05,0.7,0.7,0.260,0.259404,0.162432
2,1,3,0.55,0.05,0.9,0.05,0.65,0.65,0.265,0.264076,0.156786
2,1,3,0.55,0.05,0.9,0.05,0.65,0.65,0.270,0.264076,0.156786
2,1,3,0.55,0.05,0.9,0.1,0.65,0.65,0.275,0.274665,0.147927
2,1,3,0.45,0.05,0.95,0.2,0.6,0.6,0.280,0.277612,0.14739
2,1,3,0.45,0.05,0.95,0.15,0.65,0.65,0.285,0.284695,0.139948
2,1,3,0.55,0.05,0.95,0.05,0.65,0.65,0.290,0.289947,0.137289
2,1,3,0.5,0.05,0.9,0.15,0.7,0.7,0.295,0.294888,0.135765
2,1,3,0.45,0.05,0.95,0.2,0.65,0.65,0.300,0.298701,0.130528
2,1,3,0.55,0.05,0.95,0.1,0.65,0.65,0.305,0.300537,0.128429
2,1,3,0.6,0.05,0.95,0.2,0.6,0.6,0.310,0.309696,0.124966
2,1,3,0.6,0.05,0.95,0.1,0.65,0.65,0.315,0.313118,0.120579
2,1,3,0.45,0.05,0.95,0.2,0.7,0.7,0.320,0.319175,0.117746
2,1,3,0.55,0.05,0.95,0.2,0.65,0.65,0.325,0.323907,0.113372
2,1,3,0.45,0.05,0.95,0.1,0.8,0.8,0.330,0.329815,0.111907
2,1,3,0.5,0.05,0.95,0.2,0.7,0.7,0.335,0.33462,0.108938
2,1,3,0.6,0.05,0.95,0.1,0.7,0.7,0.340,0.339965,0.104039
2,1,3,0.7,0.05,0.95,0.15,0.65,0.65,0.345,0.344603,0.103029
2,1,3,0.6,0.05,0.95,0.15,0.7,0.7,0.350,0.349204,0.098663
2,1,3,0.55,0.05,0.95,0.15,0.75,0.75,0.355,0.354532,0.095546
2,1,3,0.55,0.05,0.95,0.05,0.8,0.8,0.360,0.356646,0.094182
2,1,3,0.7,0.05,0.95,0.1,0.7,0.7,0.365,0.364983,0.091794
2,1,3,0.6,0.05,0.95,0.15,0.75,0.75,0.370,0.369651,0.087862
2,1,3,0.6,0.05,0.95,0.05,0.8,0.8,0.375,0.373899,0.084714
2,1,3,0.7,0.05,0.95,0.05,0.75,0.75,0.380,0.379892,0.083651
2,1,3,0.6,0.05,0.95,0.1,0.8,0.8,0.385,0.382368,0.080636
2,1,3,0.7,0.05,0.95,0.1,0.75,0.75,0.390,0.38821,0.07967
2,1,3,0.6,0.05,0.95,0.15,0.8,0.8,0.395,0.390546,0.077221
2,1,3,0.65,0.05,0.95,0.1,0.8,0.8,0.400,0.399035,0.074611
2,1,3,0.7,0.05,0.95,0.05,0.8,0.8,0.405,0.404245,0.070512
2,1,3,0.7,0.05,0.95,0.05,0.8,0.8,0.410,0.404245,0.070512
2,1,3,0.7,0.05,0.95,0.1,0.8,0.8,0.415,0.411948,0.067726
2,1,3,0.7,0.05,0.95,0.15,0.8,0.8,0.420,0.419386,0.065393
2,1,3,0.7,0.05,0.95,0.15,0.8,0.8,0.425,0.419386,0.065393
2,1,3,0.7,0.05,0.95,0.2,0.8,0.8,0.430,0.428949,0.062991
2,1,3,0.8,0.05,0.95,0.05,0.8,0.8,0.435,0.434745,0.058204
2,1,3,0.8,0.05,0.95,0.05,0.8,0.8,0.440,0.434745,0.058204
2,1,3,0.8,0.05,0.95,0.1,0.8,0.8,0.445,0.441678,0.056537
2,1,3,0.8,0.05,0.95,0.15,0.8,0.8,0.450,0.448373,0.055141
2,1,3,0.85,0.05,0.95,0.05,0.8,0.8,0.455,0.450766,0.054732
2,1,3,0.8,0.05,0.95,0.05,0.85,0.85,0.460,0.455153,0.053108
2,1,3,0.8,0.05,0.95,0.1,0.85,0.85,0.465,0.461571,0.051905
2,1,3,0.8,0.05,0.95,0.15,0.85,0.85,0.470,0.467768,0.050897
2,1,3,0.85,0.05,0.95,0.05,0.85,0.85,0.475,0.472127,0.049603
2,1,3,0.85,0.05,0.95,0.1,0.85,0.85,0.480,0.478116,0.048718
2,1,3,0.85,0.05,0.95,0.15,0.85,0.85,0.485,0.483899,0.047978
2,1,3,0.85,0.1,0.95,0.05,0.85,0.85,0.490,0.487505,0.047945
2,1,3,0.85,0.1,0.95,0.1,0.85,0.85,0.495,0.493106,0.047212
2,1,3,0.85,0.05,0.95,0.25,0.85,0.85,0.500,0.499596,0.046509
2,1,3,0.85,0.05,0.95,0.1,0.9,0.9,0.505,0.500697,0.046107
2,1,3,0.9,0.05,0.95,0.2,0.85,0.85,0.510,0.509184,0.045533
2,1,3,0.85,0.05,0.95,0.2,0.9,0.9,0.515,0.512624,0.045048
2,1,3,0.9,0.05,0.95,0.05,0.9,0.9,0.520,0.515897,0.044488
2,1,3,0.9,0.05,0.95,0.1,0.9,0.9,0.525,0.520781,0.044069
2,1,3,0.55,0.05,1.0,0.2,0.8,0.8,0.530,0.529084,0.043526
2,1,3,0.6,0.05,1.0,0.35,0.7,0.7,0.535,0.534784,0.042057
2,1,3,0.55,0.05,1.0,0.4,0.7,0.7,0.540,0.536057,0.041455
2,1,3,0.6,0.05,1.0,0.15,0.8,0.8,0.545,0.541606,0.039453
2,1,3,0.6,0.05,1.0,0.3,0.75,0.75,0.550,0.547037,0.038072
2,1,3,0.55,0.05,1.0,0.3,0.8,0.8,0.555,0.553037,0.035886
2,1,3,0.55,0.05,1.0,0.4,0.75,0.75,0.560,0.55987,0.034826
2,1,3,0.6,0.05,1.0,0.25,0.8,0.8,0.565,0.563802,0.032683
2,1,3,0.7,0.05,1.0,0.05,0.8,0.8,0.570,0.567934,0.032075
2,1,3,0.6,0.05,1.0,0.3,0.8,0.8,0.575,0.574901,0.02963
2,1,3,0.7,0.05,1.0,0.1,0.8,0.8,0.580,0.575637,0.029289
2,1,3,0.7,0.05,1.0,0.15,0.8,0.8,0.585,0.583076,0.026956
2,1,3,0.6,0.05,1.0,0.35,0.8,0.8,0.590,0.58819,0.026717
2,1,3,0.7,0.05,1.0,0.2,0.8,0.8,0.595,0.592639,0.024554
2,1,3,0.7,0.05,1.0,0.2,0.8,0.8,0.600,0.592639,0.024554
2,1,3,0.7,0.05,1.0,0.25,0.8,0.8,0.605,0.603264,0.022331
2,1,3,0.7,0.05,1.0,0.25,0.8,0.8,0.610,0.603264,0.022331
2,1,3,0.8,0.05,1.0,0.05,0.8,0.8,0.615,0.611129,0.019188
2,1,3,0.8,0.05,1.0,0.1,0.8,0.8,0.620,0.618062,0.017521
2,1,3,0.8,0.05,1.0,0.15,0.8,0.8,0.625,0.624756,0.016126
2,1,3,0.8,0.05,1.0,0.15,0.8,0.8,0.630,0.624756,0.016126
2,1,3,0.8,0.05,1.0,0.2,0.8,0.8,0.635,0.633363,0.014689
2,1,3,0.8,0.05,1.0,0.2,0.8,0.8,0.640,0.633363,0.014689
2,1,3,0.8,0.05,1.0,0.25,0.8,0.8,0.645,0.642927,0.013359
2,1,3,0.8,0.05,1.0,0.1,0.85,0.85,0.650,0.646448,0.012649
2,1,3,0.8,0.05,1.0,0.15,0.85,0.85,0.655,0.652645,0.011642
2,1,3,0.8,0.05,1.0,0.15,0.85,0.85,0.660,0.652645,0.011642
2,1,3,0.85,0.05,1.0,0.05,0.85,0.85,0.665,0.664068,0.010182
2,1,3,0.8,0.05,1.0,0.25,0.85,0.85,0.670,0.669464,0.009644
2,1,3,0.85,0.05,1.0,0.1,0.85,0.85,0.675,0.670058,0.009298
2,1,3,0.85,0.05,1.0,0.15,0.85,0.85,0.680,0.675841,0.008557
2,1,3,0.85,0.05,1.0,0.2,0.85,0.85,0.685,0.683276,0.007795
2,1,3,0.85,0.05,1.0,0.2,0.85,0.85,0.690,0.683276,0.007795
2,1,3,0.85,0.05,1.0,0.25,0.85,0.85,0.695,0.691537,0.007089
2,1,3,0.85,0.05,1.0,0.3,0.85,0.85,0.700,0.699386,0.006426
2,1,3,0.85,0.05,1.0,0.3,0.85,0.85,0.705,0.699386,0.006426
2,1,3,0.85,0.05,1.0,0.35,0.85,0.85,0.710,0.708783,0.005795
2,1,3,0.85,0.05,1.0,0.2,0.9,0.9,0.715,0.714207,0.005492
2,1,3,0.85,0.1,1.0,0.3,0.85,0.85,0.720,0.718874,0.005331
2,1,3,0.9,0.05,1.0,0.3,0.85,0.85,0.725,0.723999,0.004953
2,1,3,0.85,0.05,1.0,0.3,0.9,0.9,0.730,0.728744,0.004528
2,1,3,0.9,0.05,1.0,0.1,0.9,0.9,0.735,0.73094,0.004408
2,1,3,0.9,0.05,1.0,0.15,0.9,0.9,0.740,0.735656,0.004057
2,1,3,0.9,0.05,1.0,0.2,0.9,0.9,0.745,0.741719,0.003695
2,1,3,0.9,0.05,1.0,0.25,0.9,0.9,0.750,0.748456,0.003361
2,1,3,0.9,0.05,1.0,0.3,0.9,0.9,0.755,0.754856,0.003047
2,1,3,0.9,0.05,1.0,0.3,0.9,0.9,0.760,0.754856,0.003047
2,1,3,0.9,0.05,1.0,0.05,0.95,0.95,0.765,0.764345,0.00267
2,1,3,0.9,0.05,1.0,0.1,0.95,0.95,0.770,0.768547,0.002438
2,1,3,0.9,0.05,1.0,0.15,0.95,0.95,0.775,0.772604,0.002244
2,1,3,0.9,0.05,1.0,0.2,0.95,0.95,0.780,0.777819,0.002044
2,1,3,0.9,0.05,1.0,0.25,0.95,0.95,0.785,0.783615,0.001859
2,1,3,0.9,0.05,1.0,0.3,0.95,0.95,0.790,0.78912,0.001685
2,1,3,0.9,0.05,1.0,0.3,0.95,0.95,0.795,0.78912,0.001685
2,1,3,0.9,0.05,1.0,0.35,0.95,0.95,0.800,0.795713,0.001519
2,1,3,0.95,0.05,1.0,0.1,0.95,0.95,0.805,0.804927,0.000901
2,1,3,0.95,0.05,1.0,0.15,0.95,0.95,0.810,0.808346,0.000829
2,1,3,0.95,0.05,1.0,0.2,0.95,0.95,0.815,0.812742,0.000755
2,1,3,0.95,0.05,1.0,0.25,0.95,0.95,0.820,0.817627,0.000687
2,1,3,0.95,0.1,1.0,0.2,0.95,0.95,0.825,0.824506,0.000607
2,1,3,0.95,0.1,1.0,0.25,0.95,0.95,0.830,0.829084,0.000552
2,1,3,0.95,0.05,1.0,0.4,0.95,0.95,0.835,0.834661,0.000491
2,1,3,0.95,0.1,1.0,0.35,0.95,0.95,0.840,0.83864,0.000452
2,1,3,0.95,0.05,1.0,0.45,0.95,0.95,0.845,0.843392,0.000422
2,1,3,0.95,0.2,1.0,0.3,0.95,0.95,0.850,0.849129,0.000381
2,1,3,0.95,0.15,1.0,0.4,0.95,0.95,0.855,0.853212,0.00034
2,1,3,0.95,0.2,1.0,0.4,0.95,0.95,0.860,0.85965,0.0003
2,1,3,0.95,0.1,1.0,0.5,0.95,0.95,0.865,0.862672,0.000289
2,1,3,0.95,0.15,1.0,0.5,0.95,0.95,0.870,0.869907,0.000249
2,1,3,0.95,0.25,1.0,0.45,0.95,0.95,0.875,0.873253,0.000232
2,1,3,0.95,0.3,1.0,0.45,0.95,0.95,0.880,0.878063,0.000217
2,1,3,0.95,0.2,1.0,0.55,0.95,0.95,0.885,0.883231,0.000192
2,1,3,0.95,0.35,1.0,0.5,0.95,0.95,0.890,0.889612,0.000171
2,1,3,0.95,0.15,1.0,0.65,0.95,0.95,0.895,0.892944,0.000159
2,1,3,0.95,0.3,1.0,0.6,0.95,0.95,0.900,0.899693,0.000139
2,1,3,0.95,0.25,1.0,0.65,0.95,0.95,0.905,0.902408,0.000126
2,1,3,0.95,0.35,1.0,0.65,0.95,0.95,0.910,0.90916,0.000109
2,1,3,0.95,0.2,1.0,0.75,0.95,0.95,0.915,0.914173,9.6e-05
2,1,3,0.95,0.15,1.0,0.8,0.95,0.95,0.920,0.91918,8.5e-05
2,1,3,0.95,0.2,1.0,0.8,0.95,0.95,0.925,0.922724,7.5e-05
2,1,3,0.95,0.3,1.0,0.8,0.95,0.95,0.930,0.929119,6.3e-05
2,1,3,0.95,0.25,1.0,0.85,0.95,0.95,0.935,0.934428,5.1e-05
2,1,3,0.95,0.2,1.0,0.9,0.95,0.95,0.940,0.939413,4.2e-05
2,1,3,0.95,0.3,1.0,0.9,0.95,0.95,0.945,0.944427,3.5e-05
2,1,3,0.95,0.45,1.0,0.9,0.95,0.95,0.950,0.949842,2.9e-05
2,1,3,0.95,0.3,1.0,0.95,0.95,0.95,0.955,0.954553,2.3e-05
2,1,3,0.95,0.45,1.0,0.95,0.95,0.95,0.960,0.958981,1.9e-05
2,1,3,1.0,0.95,1.0,0.55,0.6,0.6,0.965,0.964991,1.6e-05
2,1,3,1.0,0.95,1.0,0.55,0.65,0.65,0.970,0.969809,1.1e-05
2,1,3,1.0,0.95,1.0,0.1,0.8,0.8,0.975,0.974294,6e-06
2,1,3,1.0,0.95,1.0,0.25,0.85,0.85,0.980,0.979747,2e-06
2,1,3,1.0,0.95,1.0,0.45,0.85,0.85,0.985,0.982608,1e-06
2,1,3,1.0,0.95,1.0,0.05,0.95,0.95,0.990,0.987363,0.0
2,1,3,1.0,0.95,1.0,0.05,0.95,0.95,0.995,0.987363,0.0
2,1,3,1.0,0.95,1.0,0.05,0.95,0.95,1.000,0.987363,0.0
