Threshold,FAR,FRR
0.001,0.0,1.0
0.002,0.0,0.978571
0.003,0.0,0.971429
0.004,0.001786,0.95
0.005,0.001786,0.921429
0.006,0.003571,0.907143
0.007,0.003571,0.9
0.008,0.003571,0.878571
0.009,0.007143,0.878571
0.01,0.007143,0.864286
0.011,0.007143,0.807143
0.012,0.007143,0.792857
0.013,0.007143,0.792857
0.014,0.007143,0.792857
0.015,0.007143,0.778571
0.016,0.007143,0.764286
0.017,0.008929,0.764286
0.018,0.010714,0.75
0.019,0.010714,0.742857
0.02,0.010714,0.728571
0.021,0.016071,0.728571
0.022,0.016071,0.721429
0.023,0.017857,0.7
0.024,0.017857,0.692857
0.025,0.019643,0.692857
0.026,0.019643,0.692857
0.027,0.021429,0.692857
0.028,0.021429,0.678571
0.029,0.021429,0.678571
0.03,0.021429,0.664286
0.031,0.025,0.657143
0.032,0.026786,0.65
0.033,0.026786,0.642857
0.034,0.026786,0.642857
0.035,0.028571,0.635714
0.036,0.028571,0.628571
0.037,0.032143,0.607143
0.038,0.033929,0.585714
0.039,0.0375,0.571429
0.04,0.039286,0.571429
0.041,0.039286,0.571429
0.042,0.039286,0.571429
0.043,0.041071,0.557143
0.044,0.042857,0.557143
0.045,0.044643,0.542857
0.046,0.046429,0.528571
0.047,0.046429,0.528571
0.048,0.046429,0.528571
0.049,0.046429,0.528571
0.05,0.046429,0.528571
0.051,0.046429,0.528571
0.052,0.048214,0.528571
0.053,0.048214,0.521429
0.054,0.05,0.521429
0.055,0.051786,0.521429
0.056,0.053571,0.514286
0.057,0.057143,0.507143
0.058,0.058929,0.5
0.059,0.060714,0.5
0.06,0.060714,0.5
0.061,0.0625,0.492857
0.062,0.064286,0.492857
0.063,0.066071,0.492857
0.064,0.069643,0.492857
0.065,0.071429,0.492857
0.066,0.073214,0.492857
0.067,0.073214,0.478571
0.068,0.075,0.464286
0.069,0.075,0.464286
0.07,0.075,0.457143
0.071,0.076786,0.442857
0.072,0.076786,0.435714
0.073,0.076786,0.435714
0.074,0.076786,0.435714
0.075,0.078571,0.435714
0.076,0.082143,0.435714
0.077,0.082143,0.435714
0.078,0.083929,0.435714
0.079,0.0875,0.435714
0.08,0.0875,0.435714
0.081,0.0875,0.435714
0.082,0.089286,0.428571
0.083,0.089286,0.428571
0.084,0.089286,0.428571
0.085,0.089286,0.428571
0.086,0.089286,0.428571
0.087,0.089286,0.428571
0.088,0.089286,0.421429
0.089,0.089286,0.421429
0.09,0.092857,0.421429
0.091,0.092857,0.421429
0.092,0.092857,0.421429
0.093,0.092857,0.421429
0.094,0.096429,0.414286
0.095,0.1,0.414286
0.096,0.1,0.407143
0.097,0.1,0.407143
0.098,0.1,0.407143
0.099,0.1,0.392857
0.1,0.1,0.385714
0.101,0.101786,0.385714
0.102,0.101786,0.385714
0.103,0.103571,0.385714
0.104,0.103571,0.371429
0.105,0.105357,0.371429
0.106,0.107143,0.364286
0.107,0.108929,0.364286
0.108,0.110714,0.364286
0.109,0.110714,0.357143
0.11,0.110714,0.357143
0.111,0.1125,0.357143
0.112,0.1125,0.357143
0.113,0.114286,0.35
0.114,0.114286,0.342857
0.115,0.114286,0.335714
0.116,0.114286,0.335714
0.117,0.114286,0.335714
0.118,0.114286,0.328571
0.119,0.114286,0.328571
0.12,0.116071,0.328571
0.121,0.116071,0.328571
0.122,0.117857,0.328571
0.123,0.117857,0.321429
0.124,0.117857,0.321429
0.125,0.119643,0.314286
0.126,0.119643,0.314286
0.127,0.119643,0.314286
0.128,0.119643,0.314286
0.129,0.121429,0.307143
0.13,0.121429,0.3
0.131,0.121429,0.3
0.132,0.121429,0.3
0.133,0.121429,0.3
0.134,0.121429,0.3
0.135,0.121429,0.292857
0.136,0.121429,0.292857
0.137,0.123214,0.292857
0.138,0.123214,0.292857
0.139,0.125,0.285714
0.14,0.125,0.285714
0.141,0.125,0.285714
0.142,0.125,0.285714
0.143,0.128571,0.285714
0.144,0.130357,0.285714
0.145,0.132143,0.285714
0.146,0.133929,0.285714
0.147,0.135714,0.285714
0.148,0.135714,0.285714
0.149,0.135714,0.285714
0.15,0.1375,0.285714
0.151,0.1375,0.271429
0.152,0.1375,0.264286
0.153,0.139286,0.264286
0.154,0.142857,0.264286
0.155,0.142857,0.264286
0.156,0.142857,0.264286
0.157,0.142857,0.264286
0.158,0.144643,0.264286
0.159,0.144643,0.264286
0.16,0.146429,0.264286
0.161,0.146429,0.257143
0.162,0.146429,0.257143
0.163,0.148214,0.257143
0.164,0.155357,0.257143
0.165,0.155357,0.25
0.166,0.157143,0.25
0.167,0.158929,0.242857
0.168,0.158929,0.242857
0.169,0.160714,0.242857
0.17,0.160714,0.242857
0.171,0.1625,0.235714
0.172,0.1625,0.235714
0.173,0.1625,0.235714
0.174,0.164286,0.235714
0.175,0.164286,0.235714
0.176,0.164286,0.235714
0.177,0.166071,0.235714
0.178,0.167857,0.228571
0.179,0.167857,0.221429
0.18,0.171429,0.214286
0.181,0.171429,0.214286
0.182,0.171429,0.214286
0.183,0.171429,0.214286
0.184,0.171429,0.214286
0.185,0.171429,0.214286
0.186,0.171429,0.214286
0.187,0.171429,0.214286
0.188,0.175,0.214286
0.189,0.178571,0.214286
0.19,0.178571,0.214286
0.191,0.182143,0.214286
0.192,0.183929,0.214286
0.193,0.1875,0.214286
0.194,0.1875,0.214286
0.195,0.189286,0.214286
0.196,0.189286,0.214286
0.197,0.191071,0.214286
0.198,0.191071,0.214286
0.199,0.194643,0.207143
0.2,0.194643,0.207143
0.201,0.194643,0.2
0.202,0.194643,0.2
0.203,0.198214,0.2
0.204,0.2,0.2
0.205,0.2,0.2
0.206,0.2,0.2
0.207,0.2,0.2
0.208,0.2,0.2
0.209,0.2,0.192857
0.21,0.2,0.192857
0.211,0.201786,0.192857
0.212,0.201786,0.192857
0.213,0.201786,0.192857
0.214,0.208929,0.192857
0.215,0.210714,0.192857
0.216,0.210714,0.192857
0.217,0.210714,0.192857
0.218,0.210714,0.185714
0.219,0.210714,0.185714
0.22,0.210714,0.185714
0.221,0.2125,0.185714
0.222,0.2125,0.185714
0.223,0.216071,0.185714
0.224,0.217857,0.185714
0.225,0.217857,0.185714
0.226,0.219643,0.185714
0.227,0.221429,0.185714
0.228,0.221429,0.185714
0.229,0.225,0.185714
0.23,0.225,0.185714
0.231,0.226786,0.185714
0.232,0.228571,0.185714
0.233,0.228571,0.185714
0.234,0.228571,0.178571
0.235,0.228571,0.178571
0.236,0.228571,0.178571
0.237,0.228571,0.178571
0.238,0.228571,0.178571
0.239,0.228571,0.171429
0.24,0.228571,0.171429
0.241,0.228571,0.164286
0.242,0.228571,0.164286
0.243,0.228571,0.164286
0.244,0.230357,0.164286
0.245,0.230357,0.164286
0.246,0.230357,0.164286
0.247,0.232143,0.164286
0.248,0.233929,0.164286
0.249,0.233929,0.164286
0.25,0.233929,0.164286
0.251,0.233929,0.164286
0.252,0.233929,0.157143
0.253,0.233929,0.157143
0.254,0.233929,0.157143
0.255,0.233929,0.15
0.256,0.233929,0.15
0.257,0.235714,0.15
0.258,0.235714,0.142857
0.259,0.235714,0.142857
0.26,0.235714,0.142857
0.261,0.235714,0.142857
0.262,0.235714,0.142857
0.263,0.235714,0.142857
0.264,0.2375,0.142857
0.265,0.2375,0.142857
0.266,0.239286,0.142857
0.267,0.239286,0.142857
0.268,0.241071,0.142857
0.269,0.241071,0.142857
0.27,0.241071,0.142857
0.271,0.241071,0.142857
0.272,0.242857,0.142857
0.273,0.244643,0.142857
0.274,0.244643,0.142857
0.275,0.244643,0.142857
0.276,0.244643,0.142857
0.277,0.244643,0.142857
0.278,0.244643,0.142857
0.279,0.244643,0.142857
0.28,0.244643,0.142857
0.281,0.244643,0.142857
0.282,0.246429,0.142857
0.283,0.246429,0.142857
0.284,0.246429,0.142857
0.285,0.246429,0.142857
0.286,0.246429,0.135714
0.287,0.246429,0.135714
0.288,0.248214,0.135714
0.289,0.248214,0.135714
0.29,0.25,0.135714
0.291,0.25,0.135714
0.292,0.251786,0.135714
0.293,0.253571,0.135714
0.294,0.253571,0.135714
0.295,0.253571,0.135714
0.296,0.253571,0.135714
0.297,0.255357,0.135714
0.298,0.255357,0.135714
0.299,0.255357,0.135714
0.3,0.258929,0.135714
0.301,0.260714,0.135714
0.302,0.2625,0.135714
0.303,0.2625,0.135714
0.304,0.2625,0.135714
0.305,0.264286,0.128571
0.306,0.264286,0.128571
0.307,0.264286,0.128571
0.308,0.264286,0.128571
0.309,0.266071,0.121429
0.31,0.266071,0.121429
0.311,0.266071,0.121429
0.312,0.266071,0.121429
0.313,0.266071,0.121429
0.314,0.266071,0.121429
0.315,0.266071,0.121429
0.316,0.266071,0.121429
0.317,0.267857,0.121429
0.318,0.269643,0.121429
0.319,0.271429,0.121429
0.32,0.271429,0.121429
0.321,0.273214,0.121429
0.322,0.273214,0.121429
0.323,0.275,0.121429
0.324,0.275,0.121429
0.325,0.276786,0.121429
0.326,0.276786,0.121429
0.327,0.278571,0.114286
0.328,0.282143,0.114286
0.329,0.282143,0.114286
0.33,0.282143,0.114286
0.331,0.282143,0.107143
0.332,0.283929,0.107143
0.333,0.283929,0.107143
0.334,0.283929,0.1
0.335,0.283929,0.1
0.336,0.283929,0.1
0.337,0.283929,0.1
0.338,0.285714,0.1
0.339,0.285714,0.1
0.34,0.285714,0.1
0.341,0.289286,0.1
0.342,0.289286,0.1
0.343,0.289286,0.1
0.344,0.289286,0.1
0.345,0.289286,0.1
0.346,0.289286,0.1
0.347,0.289286,0.1
0.348,0.289286,0.1
0.349,0.289286,0.1
0.35,0.291071,0.1
0.351,0.294643,0.1
0.352,0.294643,0.1
0.353,0.296429,0.1
0.354,0.296429,0.1
0.355,0.296429,0.1
0.356,0.296429,0.1
0.357,0.296429,0.1
0.358,0.296429,0.092857
0.359,0.3,0.092857
0.36,0.3,0.092857
0.361,0.3,0.092857
0.362,0.3,0.092857
0.363,0.301786,0.092857
0.364,0.303571,0.092857
0.365,0.305357,0.092857
0.366,0.307143,0.092857
0.367,0.308929,0.092857
0.368,0.308929,0.092857
0.369,0.308929,0.092857
0.37,0.308929,0.092857
0.371,0.308929,0.092857
0.372,0.310714,0.092857
0.373,0.310714,0.092857
0.374,0.310714,0.092857
0.375,0.310714,0.092857
0.376,0.310714,0.092857
0.377,0.3125,0.092857
0.378,0.3125,0.092857
0.379,0.3125,0.092857
0.38,0.314286,0.092857
0.381,0.314286,0.092857
0.382,0.314286,0.092857
0.383,0.314286,0.092857
0.384,0.314286,0.092857
0.385,0.314286,0.092857
0.386,0.316071,0.092857
0.387,0.316071,0.092857
0.388,0.317857,0.092857
0.389,0.319643,0.092857
0.39,0.319643,0.092857
0.391,0.319643,0.092857
0.392,0.319643,0.092857
0.393,0.319643,0.092857
0.394,0.319643,0.085714
0.395,0.319643,0.085714
0.396,0.319643,0.085714
0.397,0.319643,0.078571
0.398,0.319643,0.078571
0.399,0.319643,0.071429
0.4,0.319643,0.071429
0.401,0.319643,0.071429
0.402,0.321429,0.071429
0.403,0.321429,0.071429
0.404,0.321429,0.071429
0.405,0.321429,0.071429
0.406,0.323214,0.071429
0.407,0.323214,0.071429
0.408,0.325,0.071429
0.409,0.325,0.071429
0.41,0.326786,0.071429
0.411,0.328571,0.071429
0.412,0.328571,0.071429
0.413,0.330357,0.057143
0.414,0.330357,0.057143
0.415,0.330357,0.057143
0.416,0.330357,0.057143
0.417,0.332143,0.057143
0.418,0.332143,0.057143
0.419,0.332143,0.057143
0.42,0.332143,0.057143
0.421,0.332143,0.057143
0.422,0.333929,0.057143
0.423,0.335714,0.057143
0.424,0.335714,0.057143
0.425,0.339286,0.057143
0.426,0.339286,0.057143
0.427,0.339286,0.057143
0.428,0.341071,0.057143
0.429,0.341071,0.057143
0.43,0.341071,0.057143
0.431,0.341071,0.057143
0.432,0.341071,0.057143
0.433,0.341071,0.057143
0.434,0.341071,0.05
0.435,0.341071,0.05
0.436,0.342857,0.05
0.437,0.342857,0.05
0.438,0.344643,0.05
0.439,0.344643,0.05
0.44,0.348214,0.05
0.441,0.348214,0.05
0.442,0.348214,0.05
0.443,0.35,0.05
0.444,0.35,0.05
0.445,0.351786,0.05
0.446,0.351786,0.05
0.447,0.351786,0.05
0.448,0.351786,0.05
0.449,0.351786,0.05
0.45,0.353571,0.05
0.451,0.353571,0.05
0.452,0.355357,0.05
0.453,0.355357,0.05
0.454,0.357143,0.05
0.455,0.357143,0.05
0.456,0.360714,0.05
0.457,0.360714,0.05
0.458,0.3625,0.05
0.459,0.364286,0.05
0.46,0.364286,0.05
0.461,0.366071,0.05
0.462,0.367857,0.05
0.463,0.371429,0.05
0.464,0.373214,0.05
0.465,0.373214,0.05
0.466,0.373214,0.05
0.467,0.373214,0.05
0.468,0.373214,0.05
0.469,0.373214,0.05
0.47,0.373214,0.05
0.471,0.373214,0.05
0.472,0.373214,0.05
0.473,0.373214,0.05
0.474,0.376786,0.05
0.475,0.376786,0.05
0.476,0.378571,0.05
0.477,0.378571,0.05
0.478,0.378571,0.05
0.479,0.380357,0.05
0.48,0.380357,0.05
0.481,0.380357,0.05
0.482,0.382143,0.05
0.483,0.385714,0.05
0.484,0.385714,0.05
0.485,0.385714,0.05
0.486,0.385714,0.05
0.487,0.3875,0.05
0.488,0.3875,0.05
0.489,0.3875,0.05
0.49,0.389286,0.05
0.491,0.391071,0.05
0.492,0.391071,0.042857
0.493,0.392857,0.042857
0.494,0.392857,0.042857
0.495,0.394643,0.042857
0.496,0.394643,0.042857
0.497,0.394643,0.042857
0.498,0.396429,0.042857
0.499,0.398214,0.042857
0.5,0.4,0.042857
0.501,0.4,0.042857
0.502,0.4,0.042857
0.503,0.4,0.042857
0.504,0.401786,0.042857
0.505,0.401786,0.035714
0.506,0.401786,0.035714
0.507,0.403571,0.035714
0.508,0.403571,0.028571
0.509,0.403571,0.028571
0.51,0.405357,0.028571
0.511,0.405357,0.028571
0.512,0.405357,0.028571
0.513,0.407143,0.028571
0.514,0.408929,0.028571
0.515,0.410714,0.028571
0.516,0.410714,0.028571
0.517,0.4125,0.028571
0.518,0.414286,0.028571
0.519,0.414286,0.028571
0.52,0.414286,0.028571
0.521,0.414286,0.028571
0.522,0.414286,0.028571
0.523,0.414286,0.028571
0.524,0.414286,0.028571
0.525,0.414286,0.028571
0.526,0.414286,0.028571
0.527,0.417857,0.028571
0.528,0.417857,0.028571
0.529,0.417857,0.028571
0.53,0.417857,0.028571
0.531,0.417857,0.028571
0.532,0.419643,0.028571
0.533,0.419643,0.028571
0.534,0.423214,0.028571
0.535,0.423214,0.028571
0.536,0.423214,0.028571
0.537,0.423214,0.028571
0.538,0.423214,0.028571
0.539,0.423214,0.028571
0.54,0.425,0.028571
0.541,0.425,0.028571
0.542,0.426786,0.028571
0.543,0.428571,0.028571
0.544,0.432143,0.028571
0.545,0.432143,0.028571
0.546,0.432143,0.028571
0.547,0.433929,0.028571
0.548,0.433929,0.028571
0.549,0.435714,0.028571
0.55,0.435714,0.028571
0.551,0.435714,0.028571
0.552,0.435714,0.028571
0.553,0.435714,0.028571
0.554,0.435714,0.028571
0.555,0.439286,0.028571
0.556,0.439286,0.028571
0.557,0.439286,0.028571
0.558,0.439286,0.028571
0.559,0.439286,0.028571
0.56,0.439286,0.028571
0.561,0.439286,0.028571
0.562,0.441071,0.028571
0.563,0.442857,0.028571
0.564,0.442857,0.028571
0.565,0.442857,0.028571
0.566,0.442857,0.028571
0.567,0.444643,0.028571
0.568,0.444643,0.028571
0.569,0.444643,0.028571
0.57,0.444643,0.028571
0.571,0.444643,0.028571
0.572,0.444643,0.028571
0.573,0.448214,0.028571
0.574,0.448214,0.028571
0.575,0.448214,0.028571
0.576,0.45,0.028571
0.577,0.453571,0.028571
0.578,0.453571,0.028571
0.579,0.455357,0.028571
0.58,0.457143,0.028571
0.581,0.457143,0.028571
0.582,0.458929,0.028571
0.583,0.458929,0.028571
0.584,0.460714,0.028571
0.585,0.4625,0.028571
0.586,0.4625,0.028571
0.587,0.464286,0.028571
0.588,0.469643,0.028571
0.589,0.469643,0.028571
0.59,0.469643,0.028571
0.591,0.471429,0.028571
0.592,0.471429,0.028571
0.593,0.471429,0.028571
0.594,0.473214,0.028571
0.595,0.475,0.028571
0.596,0.476786,0.028571
0.597,0.476786,0.028571
0.598,0.476786,0.028571
0.599,0.478571,0.028571
0.6,0.480357,0.028571
0.601,0.482143,0.028571
0.602,0.482143,0.028571
0.603,0.482143,0.028571
0.604,0.483929,0.028571
0.605,0.483929,0.028571
0.606,0.483929,0.028571
0.607,0.485714,0.028571
0.608,0.4875,0.028571
0.609,0.489286,0.028571
0.61,0.492857,0.028571
0.611,0.492857,0.028571
0.612,0.494643,0.028571
0.613,0.494643,0.028571
0.614,0.494643,0.028571
0.615,0.494643,0.028571
0.616,0.494643,0.028571
0.617,0.496429,0.028571
0.618,0.496429,0.028571
0.619,0.496429,0.028571
0.62,0.496429,0.028571
0.621,0.496429,0.028571
0.622,0.496429,0.028571
0.623,0.496429,0.028571
0.624,0.496429,0.028571
0.625,0.496429,0.028571
0.626,0.498214,0.028571
0.627,0.5,0.028571
0.628,0.501786,0.028571
0.629,0.501786,0.028571
0.63,0.503571,0.028571
0.631,0.503571,0.028571
0.632,0.503571,0.028571
0.633,0.503571,0.028571
0.634,0.503571,0.028571
0.635,0.505357,0.028571
0.636,0.505357,0.028571
0.637,0.505357,0.028571
0.638,0.510714,0.028571
0.639,0.510714,0.028571
0.64,0.510714,0.028571
0.641,0.5125,0.028571
0.642,0.5125,0.028571
0.643,0.514286,0.028571
0.644,0.514286,0.028571
0.645,0.516071,0.028571
0.646,0.516071,0.028571
0.647,0.516071,0.028571
0.648,0.516071,0.028571
0.649,0.516071,0.028571
0.65,0.516071,0.028571
0.651,0.516071,0.028571
0.652,0.517857,0.028571
0.653,0.517857,0.028571
0.654,0.517857,0.028571
0.655,0.517857,0.028571
0.656,0.521429,0.028571
0.657,0.523214,0.028571
0.658,0.523214,0.028571
0.659,0.523214,0.028571
0.66,0.525,0.028571
0.661,0.530357,0.028571
0.662,0.530357,0.028571
0.663,0.530357,0.028571
0.664,0.530357,0.028571
0.665,0.530357,0.028571
0.666,0.530357,0.028571
0.667,0.530357,0.021429
0.668,0.532143,0.021429
0.669,0.532143,0.021429
0.67,0.532143,0.021429
0.671,0.533929,0.021429
0.672,0.535714,0.021429
0.673,0.535714,0.021429
0.674,0.535714,0.021429
0.675,0.535714,0.021429
0.676,0.5375,0.021429
0.677,0.5375,0.021429
0.678,0.5375,0.021429
0.679,0.5375,0.021429
0.68,0.539286,0.021429
0.681,0.539286,0.021429
0.682,0.541071,0.021429
0.683,0.542857,0.021429
0.684,0.546429,0.021429
0.685,0.546429,0.021429
0.686,0.546429,0.021429
0.687,0.546429,0.021429
0.688,0.546429,0.021429
0.689,0.546429,0.021429
0.69,0.548214,0.021429
0.691,0.55,0.021429
0.692,0.55,0.021429
0.693,0.55,0.021429
0.694,0.551786,0.021429
0.695,0.551786,0.021429
0.696,0.551786,0.021429
0.697,0.553571,0.021429
0.698,0.553571,0.021429
0.699,0.553571,0.021429
0.7,0.553571,0.021429
0.701,0.553571,0.021429
0.702,0.553571,0.021429
0.703,0.555357,0.021429
0.704,0.555357,0.021429
0.705,0.557143,0.014286
0.706,0.557143,0.014286
0.707,0.558929,0.014286
0.708,0.560714,0.014286
0.709,0.5625,0.014286
0.71,0.5625,0.014286
0.711,0.564286,0.014286
0.712,0.564286,0.014286
0.713,0.566071,0.014286
0.714,0.566071,0.014286
0.715,0.566071,0.014286
0.716,0.567857,0.014286
0.717,0.567857,0.014286
0.718,0.567857,0.014286
0.719,0.567857,0.014286
0.72,0.567857,0.014286
0.721,0.567857,0.014286
0.722,0.567857,0.014286
0.723,0.567857,0.014286
0.724,0.569643,0.014286
0.725,0.569643,0.014286
0.726,0.569643,0.014286
0.727,0.571429,0.014286
0.728,0.573214,0.014286
0.729,0.575,0.014286
0.73,0.575,0.014286
0.731,0.576786,0.014286
0.732,0.578571,0.014286
0.733,0.578571,0.014286
0.734,0.580357,0.014286
0.735,0.582143,0.014286
0.736,0.583929,0.014286
0.737,0.585714,0.014286
0.738,0.5875,0.014286
0.739,0.5875,0.014286
0.74,0.589286,0.007143
0.741,0.589286,0.007143
0.742,0.589286,0.007143
0.743,0.589286,0.007143
0.744,0.589286,0.007143
0.745,0.589286,0.007143
0.746,0.592857,0.007143
0.747,0.594643,0.007143
0.748,0.596429,0.007143
0.749,0.596429,0.007143
0.75,0.598214,0.007143
0.751,0.6,0.007143
0.752,0.6,0.007143
0.753,0.6,0.007143
0.754,0.6,0.007143
0.755,0.6,0.007143
0.756,0.6,0.007143
0.757,0.6,0.007143
0.758,0.6,0.007143
0.759,0.601786,0.007143
0.76,0.601786,0.007143
0.761,0.603571,0.007143
0.762,0.603571,0.007143
0.763,0.607143,0.007143
0.764,0.607143,0.007143
0.765,0.607143,0.007143
0.766,0.608929,0.007143
0.767,0.608929,0.007143
0.768,0.608929,0.007143
0.769,0.608929,0.007143
0.77,0.608929,0.007143
0.771,0.608929,0.007143
0.772,0.608929,0.007143
0.773,0.608929,0.007143
0.774,0.610714,0.007143
0.775,0.610714,0.007143
0.776,0.610714,0.007143
0.777,0.610714,0.007143
0.778,0.610714,0.007143
0.779,0.610714,0.007143
0.78,0.610714,0.007143
0.781,0.610714,0.007143
0.782,0.610714,0.007143
0.783,0.610714,0.007143
0.784,0.6125,0.007143
0.785,0.6125,0.007143
0.786,0.614286,0.007143
0.787,0.614286,0.007143
0.788,0.614286,0.007143
0.789,0.614286,0.007143
0.79,0.616071,0.007143
0.791,0.616071,0.007143
0.792,0.616071,0.007143
0.793,0.616071,0.007143
0.794,0.617857,0.007143
0.795,0.619643,0.007143
0.796,0.623214,0.007143
0.797,0.625,0.007143
0.798,0.626786,0.007143
0.799,0.628571,0.007143
0.8,0.632143,0.007143
0.801,0.632143,0.007143
0.802,0.632143,0.007143
0.803,0.633929,0.007143
0.804,0.633929,0.007143
0.805,0.635714,0.007143
0.806,0.6375,0.007143
0.807,0.639286,0.007143
0.808,0.641071,0.007143
0.809,0.644643,0.007143
0.81,0.646429,0.007143
0.811,0.648214,0.007143
0.812,0.648214,0.007143
0.813,0.65,0.007143
0.814,0.65,0.007143
0.815,0.65,0.007143
0.816,0.65,0.007143
0.817,0.651786,0.007143
0.818,0.651786,0.007143
0.819,0.651786,0.007143
0.82,0.651786,0.007143
0.821,0.653571,0.007143
0.822,0.653571,0.007143
0.823,0.653571,0.007143
0.824,0.655357,0.007143
0.825,0.655357,0.007143
0.826,0.657143,0.007143
0.827,0.657143,0.0
0.828,0.657143,0.0
0.829,0.660714,0.0
0.83,0.660714,0.0
0.831,0.6625,0.0
0.832,0.666071,0.0
0.833,0.667857,0.0
0.834,0.669643,0.0
0.835,0.671429,0.0
0.836,0.675,0.0
0.837,0.675,0.0
0.838,0.675,0.0
0.839,0.675,0.0
0.84,0.675,0.0
0.841,0.675,0.0
0.842,0.676786,0.0
0.843,0.676786,0.0
0.844,0.676786,0.0
0.845,0.678571,0.0
0.846,0.682143,0.0
0.847,0.682143,0.0
0.848,0.683929,0.0
0.849,0.683929,0.0
0.85,0.683929,0.0
0.851,0.683929,0.0
0.852,0.683929,0.0
0.853,0.685714,0.0
0.854,0.685714,0.0
0.855,0.689286,0.0
0.856,0.689286,0.0
0.857,0.689286,0.0
0.858,0.691071,0.0
0.859,0.691071,0.0
0.86,0.691071,0.0
0.861,0.692857,0.0
0.862,0.692857,0.0
0.863,0.692857,0.0
0.864,0.694643,0.0
0.865,0.698214,0.0
0.866,0.698214,0.0
0.867,0.698214,0.0
0.868,0.7,0.0
0.869,0.701786,0.0
0.87,0.705357,0.0
0.871,0.707143,0.0
0.872,0.707143,0.0
0.873,0.708929,0.0
0.874,0.710714,0.0
0.875,0.7125,0.0
0.876,0.7125,0.0
0.877,0.7125,0.0
0.878,0.716071,0.0
0.879,0.716071,0.0
0.88,0.716071,0.0
0.881,0.716071,0.0
0.882,0.719643,0.0
0.883,0.721429,0.0
0.884,0.723214,0.0
0.885,0.725,0.0
0.886,0.726786,0.0
0.887,0.726786,0.0
0.888,0.728571,0.0
0.889,0.728571,0.0
0.89,0.728571,0.0
0.891,0.728571,0.0
0.892,0.732143,0.0
0.893,0.733929,0.0
0.894,0.735714,0.0
0.895,0.735714,0.0
0.896,0.735714,0.0
0.897,0.735714,0.0
0.898,0.7375,0.0
0.899,0.739286,0.0
0.9,0.741071,0.0
0.901,0.741071,0.0
0.902,0.741071,0.0
0.903,0.741071,0.0
0.904,0.741071,0.0
0.905,0.741071,0.0
0.906,0.741071,0.0
0.907,0.741071,0.0
0.908,0.742857,0.0
0.909,0.742857,0.0
0.91,0.744643,0.0
0.911,0.746429,0.0
0.912,0.746429,0.0
0.913,0.746429,0.0
0.914,0.748214,0.0
0.915,0.748214,0.0
0.916,0.753571,0.0
0.917,0.753571,0.0
0.918,0.753571,0.0
0.919,0.755357,0.0
0.92,0.755357,0.0
0.921,0.757143,0.0
0.922,0.7625,0.0
0.923,0.766071,0.0
0.924,0.766071,0.0
0.925,0.767857,0.0
0.926,0.769643,0.0
0.927,0.771429,0.0
0.928,0.771429,0.0
0.929,0.773214,0.0
0.93,0.773214,0.0
0.931,0.775,0.0
0.932,0.775,0.0
0.933,0.780357,0.0
0.934,0.780357,0.0
0.935,0.783929,0.0
0.936,0.783929,0.0
0.937,0.783929,0.0
0.938,0.7875,0.0
0.939,0.7875,0.0
0.94,0.789286,0.0
0.941,0.789286,0.0
0.942,0.791071,0.0
0.943,0.794643,0.0
0.944,0.794643,0.0
0.945,0.794643,0.0
0.946,0.796429,0.0
0.947,0.796429,0.0
0.948,0.8,0.0
0.949,0.801786,0.0
0.95,0.805357,0.0
0.951,0.805357,0.0
0.952,0.810714,0.0
0.953,0.810714,0.0
0.954,0.8125,0.0
0.955,0.814286,0.0
0.956,0.814286,0.0
0.957,0.816071,0.0
0.958,0.816071,0.0
0.959,0.819643,0.0
0.96,0.819643,0.0
0.961,0.819643,0.0
0.962,0.819643,0.0
0.963,0.821429,0.0
0.964,0.821429,0.0
0.965,0.821429,0.0
0.966,0.821429,0.0
0.967,0.823214,0.0
0.968,0.825,0.0
0.969,0.828571,0.0
0.97,0.832143,0.0
0.971,0.833929,0.0
0.972,0.835714,0.0
0.973,0.835714,0.0
0.974,0.839286,0.0
0.975,0.839286,0.0
0.976,0.839286,0.0
0.977,0.842857,0.0
0.978,0.842857,0.0
0.979,0.842857,0.0
0.98,0.842857,0.0
0.981,0.846429,0.0
0.982,0.848214,0.0
0.983,0.85,0.0
0.984,0.85,0.0
0.985,0.853571,0.0
0.986,0.855357,0.0
0.987,0.858929,0.0
0.988,0.864286,0.0
0.989,0.864286,0.0
0.99,0.867857,0.0
0.991,0.871429,0.0
0.992,0.875,0.0
0.993,0.878571,0.0
0.994,0.882143,0.0
0.995,0.8875,0.0
0.996,0.905357,0.0
0.997,0.910714,0.0
0.998,0.921429,0.0
0.999,0.939286,0.0
1,1.0,0.0
