source csv,EER,FAR,FRR,sbi_stage,ucf_stage,xception_stage,sbi_upper_threshold,sbi_lower_threshold,ucf_upper_threshold,ucf_lower_threshold,xception_upper_threshold,xception_lower_threshold
results\20\sbi\cascade_threshold_sweep_sbi_celebdf.csv,0.267994,0.238235,0.297753,1,-1,-1,0.55,0.55,-1,-1,-1,-1
results\20\sbi\cascade_threshold_sweep_sbi_combined.csv,0.314378,0.285801,0.342955,1,-1,-1,0.15,0.15,-1,-1,-1,-1
results\20\sbi\cascade_threshold_sweep_sbi_dfdc.csv,0.334203,0.359983,0.308423,1,-1,-1,0.15,0.15,-1,-1,-1,-1
results\20\sbi\cascade_threshold_sweep_sbi_faceforensics.csv,0.200893,0.194643,0.207143,1,-1,-1,0.2,0.2,-1,-1,-1,-1
results\20\sbi\threshold_sweep_sbi_celebdf.csv,0.267994,0.238235,0.297753,-1,-1,-1,-1,-1,-1,-1,-1,-1
results\20\sbi\threshold_sweep_sbi_combined.csv,0.314378,0.285801,0.342955,-1,-1,-1,-1,-1,-1,-1,-1,-1
results\20\sbi\threshold_sweep_sbi_dfdc.csv,0.334203,0.359983,0.308423,-1,-1,-1,-1,-1,-1,-1,-1,-1
results\20\sbi\threshold_sweep_sbi_faceforensics.csv,0.200893,0.194643,0.207143,-1,-1,-1,-1,-1,-1,-1,-1,-1
results\20\sbi_ucf\cascade_threshold_sweep_sbi_ucf_celebdf.csv,0.24747,0.24756,0.24738,1,2,-1,0.6,0.55,0.4,0.4,-1,-1
results\20\sbi_ucf\cascade_threshold_sweep_sbi_ucf_combined.csv,0.2936955,0.293813,0.293578,1,2,-1,0.45,0.15,0.1,0.1,-1,-1
results\20\sbi_ucf\cascade_threshold_sweep_sbi_ucf_dfdc.csv,0.305034,0.304626,0.305442,1,2,-1,0.5,0.1,0.2,0.2,-1,-1
results\20\sbi_ucf\cascade_threshold_sweep_sbi_ucf_faceforensics.csv,0.194828,0.194758,0.194898,1,2,-1,0.3,0.2,0.05,0.05,-1,-1
results\20\sbi_ucf_xception\cascade_threshold_sweep_sbi_ucf_xception_celebdf.csv,0.247379,0.247378,0.24738,1,2,3,0.6,0.55,0.4,0.3,0.85,0.85
results\20\sbi_ucf_xception\cascade_threshold_sweep_sbi_ucf_xception_combined.csv,0.292133,0.292133,0.292133,1,2,3,0.35,0.15,0.45,0.1,0.15,0.15
results\20\sbi_ucf_xception\cascade_threshold_sweep_sbi_ucf_xception_dfdc.csv,0.322398,0.322396,0.3224,1,2,3,0.15,0.1,0.8,0.65,0.8,0.8
results\20\sbi_ucf_xception\cascade_threshold_sweep_sbi_ucf_xception_faceforensics.csv,0.1412555,0.141256,0.141255,1,2,3,0.3,0.15,0.9,0.65,0.45,0.45
results\20\sbi_xception\cascade_threshold_sweep_sbi_xception_celebdf.csv,0.2462045,0.246228,0.246181,1,-1,2,0.75,0.55,-1,-1,0.35,0.35
results\20\sbi_xception\cascade_threshold_sweep_sbi_xception_combined.csv,0.283555,0.283611,0.283499,1,-1,2,0.2,0.1,-1,-1,0.65,0.65
results\20\sbi_xception\cascade_threshold_sweep_sbi_xception_dfdc.csv,0.311492,0.31017,0.312814,1,-1,2,0.2,0.1,-1,-1,0.45,0.45
results\20\sbi_xception\cascade_threshold_sweep_sbi_xception_faceforensics.csv,0.1072925,0.107289,0.107296,1,-1,2,0.7,0.1,-1,-1,0.5,0.5
results\20\sbi_xception_ucf\cascade_threshold_sweep_sbi_xception_ucf_celebdf.csv,0.188148,0.188148,0.188148,1,3,2,0.75,0.15,0.85,0.85,0.6,0.5
results\20\sbi_xception_ucf\cascade_threshold_sweep_sbi_xception_ucf_combined.csv,0.233779,0.233778,0.23378,1,3,2,0.45,0.05,0.7,0.7,0.55,0.4
results\20\sbi_xception_ucf\cascade_threshold_sweep_sbi_xception_ucf_dfdc.csv,0.294114,0.294114,0.294114,1,3,2,0.35,0.1,0.3,0.3,0.55,0.15
results\20\sbi_xception_ucf\cascade_threshold_sweep_sbi_xception_ucf_faceforensics.csv,0.054556,0.054556,0.054556,1,3,2,0.95,0.05,0.8,0.8,0.65,0.35
results\20\ucf\cascade_threshold_sweep_ucf_celebdf.csv,0.2869795,0.270588,0.303371,-1,1,-1,-1,-1,0.45,0.45,-1,-1
results\20\ucf\cascade_threshold_sweep_ucf_combined.csv,0.298968,0.314989,0.282947,-1,1,-1,-1,-1,0.55,0.55,-1,-1
results\20\ucf\cascade_threshold_sweep_ucf_dfdc.csv,0.3292235,0.320218,0.338229,-1,1,-1,-1,-1,0.5,0.5,-1,-1
results\20\ucf\cascade_threshold_sweep_ucf_faceforensics.csv,0.0526785,0.055357,0.05,-1,1,-1,-1,-1,0.8,0.8,-1,-1
results\20\ucf\threshold_sweep_ucf_celebdf.csv,0.2869795,0.270588,0.303371,-1,-1,-1,-1,-1,-1,-1,-1,-1
results\20\ucf\threshold_sweep_ucf_combined.csv,0.298968,0.314989,0.282947,-1,-1,-1,-1,-1,-1,-1,-1,-1
results\20\ucf\threshold_sweep_ucf_dfdc.csv,0.3292235,0.320218,0.338229,-1,-1,-1,-1,-1,-1,-1,-1,-1
results\20\ucf\threshold_sweep_ucf_faceforensics.csv,0.0526785,0.055357,0.05,-1,-1,-1,-1,-1,-1,-1,-1,-1
results\20\ucf_sbi\cascade_threshold_sweep_ucf_sbi_celebdf.csv,0.2058915,0.205969,0.205814,2,1,-1,0.6,0.6,0.7,0.15,-1,-1
results\20\ucf_sbi\cascade_threshold_sweep_ucf_sbi_combined.csv,0.2837775,0.283845,0.28371,2,1,-1,0.9,0.9,0.55,0.25,-1,-1
results\20\ucf_sbi\cascade_threshold_sweep_ucf_sbi_dfdc.csv,0.29458,0.294609,0.294551,2,1,-1,0.4,0.4,0.6,0.2,-1,-1
results\20\ucf_sbi\cascade_threshold_sweep_ucf_sbi_faceforensics.csv,0.045507,0.045504,0.04551,2,1,-1,0.65,0.65,0.85,0.55,-1,-1
results\20\ucf_sbi_xception\cascade_threshold_sweep_ucf_sbi_xception_celebdf.csv,0.222927,0.222927,0.222927,2,1,3,0.9,0.15,0.8,0.35,0.45,0.45
results\20\ucf_sbi_xception\cascade_threshold_sweep_ucf_sbi_xception_combined.csv,0.2452485,0.245249,0.245248,2,1,3,0.5,0.35,0.65,0.2,0.55,0.55
results\20\ucf_sbi_xception\cascade_threshold_sweep_ucf_sbi_xception_dfdc.csv,0.2890695,0.289069,0.28907,2,1,3,0.65,0.25,0.6,0.2,0.5,0.5
results\20\ucf_sbi_xception\cascade_threshold_sweep_ucf_sbi_xception_faceforensics.csv,0.043222,0.043222,0.043222,2,1,3,0.45,0.3,0.95,0.15,0.7,0.7
results\20\ucf_xception\cascade_threshold_sweep_ucf_xception_celebdf.csv,0.278248,0.278374,0.278122,-1,1,2,-1,-1,0.5,0.45,0.45,0.45
results\20\ucf_xception\cascade_threshold_sweep_ucf_xception_combined.csv,0.2836085,0.283173,0.284044,-1,1,2,-1,-1,0.55,0.35,0.9,0.9
results\20\ucf_xception\cascade_threshold_sweep_ucf_xception_dfdc.csv,0.322073,0.322161,0.321985,-1,1,2,-1,-1,0.85,0.5,0.1,0.1
results\20\ucf_xception\cascade_threshold_sweep_ucf_xception_faceforensics.csv,0.045357,0.045408,0.045306,-1,1,2,-1,-1,0.85,0.75,0.6,0.6
results\20\ucf_xception_sbi\cascade_threshold_sweep_ucf_xception_sbi_celebdf.csv,0.220172,0.220169,0.220175,3,1,2,0.5,0.5,1,0.1,0.9,0.35
results\20\ucf_xception_sbi\cascade_threshold_sweep_ucf_xception_sbi_combined.csv,0.287708,0.287708,0.287708,3,1,2,0.35,0.35,0.55,0.5,0.85,0.2
results\20\ucf_xception_sbi\cascade_threshold_sweep_ucf_xception_sbi_dfdc.csv,0.270591,0.27059,0.270592,3,1,2,0.2,0.2,0.7,0.25,0.7,0.35
results\20\ucf_xception_sbi\cascade_threshold_sweep_ucf_xception_sbi_faceforensics.csv,0.045306,0.045306,0.045306,3,1,2,0.95,0.95,0.85,0.75,0.6,0.35
results\20\xception\cascade_threshold_sweep_xception_celebdf.csv,0.2723895,0.308824,0.235955,-1,-1,1,-1,-1,-1,-1,0.55,0.55
results\20\xception\cascade_threshold_sweep_xception_combined.csv,0.3137065,0.321678,0.305735,-1,-1,1,-1,-1,-1,-1,0.5,0.5
results\20\xception\cascade_threshold_sweep_xception_dfdc.csv,0.356909,0.412306,0.301512,-1,-1,1,-1,-1,-1,-1,0.5,0.5
results\20\xception\cascade_threshold_sweep_xception_faceforensics.csv,0.064286,0.057143,0.071429,-1,-1,1,-1,-1,-1,-1,0.7,0.7
results\20\xception\threshold_sweep_xception_celebdf.csv,0.2723895,0.308824,0.235955,-1,-1,-1,-1,-1,-1,-1,-1,-1
results\20\xception\threshold_sweep_xception_combined.csv,0.3137065,0.321678,0.305735,-1,-1,-1,-1,-1,-1,-1,-1,-1
results\20\xception\threshold_sweep_xception_dfdc.csv,0.356909,0.412306,0.301512,-1,-1,-1,-1,-1,-1,-1,-1,-1
results\20\xception\threshold_sweep_xception_faceforensics.csv,0.064286,0.057143,0.071429,-1,-1,-1,-1,-1,-1,-1,-1,-1
results\20\xception_sbi\cascade_threshold_sweep_xception_sbi_celebdf.csv,0.2313695,0.231834,0.230905,2,-1,1,0.4,0.4,-1,-1,0.65,0.5
results\20\xception_sbi\cascade_threshold_sweep_xception_sbi_combined.csv,0.305997,0.305979,0.306015,2,-1,1,0.9,0.9,-1,-1,0.5,0.45
results\20\xception_sbi\cascade_threshold_sweep_xception_sbi_dfdc.csv,0.296897,0.297039,0.296755,2,-1,1,0.35,0.35,-1,-1,0.55,0.1
results\20\xception_sbi\cascade_threshold_sweep_xception_sbi_faceforensics.csv,0.0455165,0.045472,0.045561,2,-1,1,0.7,0.7,-1,-1,0.75,0.15
results\20\xception_sbi_ucf\cascade_threshold_sweep_xception_sbi_ucf_celebdf.csv,0.2207605,0.220761,0.22076,2,3,1,0.55,0.15,0.5,0.5,0.65,0.5
results\20\xception_sbi_ucf\cascade_threshold_sweep_xception_sbi_ucf_combined.csv,0.247825,0.247825,0.247825,2,3,1,0.95,0.45,0.4,0.4,0.55,0.05
results\20\xception_sbi_ucf\cascade_threshold_sweep_xception_sbi_ucf_dfdc.csv,0.320323,0.320323,0.320323,2,3,1,0.95,0.25,0.35,0.35,0.5,0.4
results\20\xception_sbi_ucf\cascade_threshold_sweep_xception_sbi_ucf_faceforensics.csv,0.0746525,0.074653,0.074652,2,3,1,0.4,0.35,0.75,0.75,0.9,0.1
results\20\xception_ucf\cascade_threshold_sweep_xception_ucf_celebdf.csv,0.2517945,0.251601,0.251988,-1,2,1,-1,-1,0.8,0.8,0.55,0.2
results\20\xception_ucf\cascade_threshold_sweep_xception_ucf_combined.csv,0.2465105,0.24642,0.246601,-1,2,1,-1,-1,0.55,0.55,0.8,0.2
results\20\xception_ucf\cascade_threshold_sweep_xception_ucf_dfdc.csv,0.2976575,0.297624,0.297691,-1,2,1,-1,-1,0.45,0.45,0.6,0.4
results\20\xception_ucf\cascade_threshold_sweep_xception_ucf_faceforensics.csv,0.027312,0.027277,0.027347,-1,2,1,-1,-1,0.6,0.6,0.9,0.55
results\20\xception_ucf_sbi\cascade_threshold_sweep_xception_ucf_sbi_celebdf.csv,0.2246395,0.224639,0.22464,3,2,1,0.8,0.8,0.45,0.15,0.6,0.5
results\20\xception_ucf_sbi\cascade_threshold_sweep_xception_ucf_sbi_combined.csv,0.2432605,0.24326,0.243261,3,2,1,0.3,0.3,0.5,0.3,1,0.3
results\20\xception_ucf_sbi\cascade_threshold_sweep_xception_ucf_sbi_dfdc.csv,0.3262285,0.326228,0.326229,3,2,1,0.2,0.2,0.95,0.2,0.5,0.45
results\20\xception_ucf_sbi\cascade_threshold_sweep_xception_ucf_sbi_faceforensics.csv,0.031003,0.031003,0.031003,3,2,1,0.25,0.25,0.9,0.65,0.75,0.6
