Threshold,FAR,FAR_fitted,FRR,FRR_fitted
0.001,0.0,-0.11843715275012734,1.0,1.1315906538203042
0.002,0.0,-0.11755651975038184,1.0,1.1295213179959616
0.003,0.0,-0.11667533346730807,1.0,1.1274543416557457
0.004,0.0,-0.11579359355328922,1.0,1.1253897221093419
0.005,0.0,-0.1149112996604913,1.0,1.1233274566695028
0.006,0.0,-0.11402845144086027,1.0,1.1212675426520446
0.007,0.0,-0.11314504854612473,1.0,1.1192099773758453
0.008,0.0,-0.11226109062779344,0.999568,1.1171547581628376
0.009,0.0,-0.11137657733715689,0.999568,1.1151018823380099
0.01,0.0,-0.11049150832528598,0.999568,1.1130513472294
0.011,0.0,-0.10960588324303311,0.999568,1.111003150168092
0.012,0.0,-0.1087197017410304,0.999568,1.108957288488213
0.013,0.0,-0.10783296346969173,0.999568,1.1069137595269312
0.014,0.0,-0.10694566807920958,0.999568,1.1048725606244494
0.015,0.0,-0.10605781521955815,0.999568,1.1028336891240036
0.016,0.0,-0.10516940454049095,0.999568,1.1007971423718592
0.017,0.0,-0.10428043569154188,0.999136,1.0987629177173073
0.018,0.0,-0.10339090832202458,0.999136,1.0967310125126613
0.019,0.0,-0.10250082208103195,0.998704,1.0947014241132544
0.02,0.0,-0.10161017661743688,0.996976,1.0926741498774337
0.021,0.0,-0.10071897157989129,0.996112,1.09064918716656
0.022,0.0,-0.09982720661682687,0.996112,1.0886265333450011
0.023,0.0,-0.09893488137645368,0.996112,1.086606185780132
0.024,0.0,-0.09804199550676129,0.996112,1.0845881418423269
0.025,0.0,-0.09714854865551859,0.996112,1.0825723989049605
0.026,0.0,-0.09625454047027193,0.996112,1.0805589543444012
0.027,0.0,-0.09535997059834722,0.995248,1.0785478055400097
0.028,0.0,-0.0944648386868483,0.995248,1.0765389498741342
0.029,0.0,-0.0935691443826574,0.995248,1.074532384732108
0.03,0.0,-0.09267288733243473,0.995248,1.0725281075022455
0.031,0.0,-0.09177606718261933,0.994816,1.0705261155758379
0.032,0.0,-0.09087868357942663,0.994816,1.0685264063471531
0.033,0.0,-0.08998073616885138,0.994384,1.0665289772134288
0.034,0.0,-0.08908222459666515,0.994384,1.0645338255748698
0.035,0.0,-0.08818314850841658,0.993952,1.0625409488346467
0.036,0.0,-0.08728350754943182,0.993952,1.06055034439889
0.037,0.0,-0.0863833013648152,0.992657,1.0585620096766877
0.038,0.0,-0.08548252959944658,0.992657,1.0565759420800824
0.039,0.0,-0.08458119189798352,0.992657,1.0545921390240682
0.04,0.0,-0.08367928790486046,0.991793,1.0526105979265852
0.041,0.000419,-0.08277681726428754,0.990065,1.0506313162085181
0.042,0.000419,-0.08187377962025288,0.990065,1.0486542912936936
0.043,0.000419,-0.08097017461651945,0.990065,1.0466795206088735
0.044,0.000419,-0.08006600189662705,0.989201,1.0447070015837556
0.045,0.000419,-0.07916126110389166,0.987905,1.042736731650968
0.046,0.000419,-0.07825595188140477,0.987905,1.0407687082460648
0.047,0.000419,-0.07735007387203408,0.987905,1.038802928807526
0.048,0.000419,-0.07644362671842231,0.985313,1.0368393907767506
0.049,0.000419,-0.07553661006298817,0.983585,1.034878091598057
0.05,0.000419,-0.07462902354792589,0.982289,1.0329190287186751
0.051,0.000419,-0.07372086681520407,0.981425,1.0309621995887475
0.052,0.000419,-0.07281213950656706,0.98013,1.0290076016613234
0.053,0.000837,-0.07190284126353408,0.979698,1.0270552323923563
0.054,0.000837,-0.07099297172739871,0.978834,1.0251050892406997
0.055,0.000837,-0.07008253053922942,0.978402,1.0231571696681057
0.056,0.000837,-0.06917151733986948,0.977538,1.0212114711392197
0.057,0.001256,-0.06825993176993617,0.97581,1.0192679911215783
0.058,0.001256,-0.06734777346982046,0.975378,1.0173267270856057
0.059,0.001256,-0.06643504207968842,0.974082,1.0153876765046101
0.06,0.001256,-0.06552173723947963,0.972786,1.0134508368547808
0.061,0.001674,-0.06460785858890694,0.971922,1.0115162056151847
0.062,0.001674,-0.06369340576745763,0.970626,1.0095837802677639
0.063,0.001674,-0.06277837841439204,0.969762,1.00765355829733
0.064,0.001674,-0.06186277616874403,0.968467,1.0057255371915637
0.065,0.001674,-0.060946598669320284,0.967603,1.0037997144410098
0.066,0.001674,-0.060029845554701255,0.967171,1.0018760875390749
0.067,0.002093,-0.059112516463239784,0.966739,0.9999546539820233
0.068,0.002093,-0.05819461103306156,0.966307,0.9980354112689737
0.069,0.002512,-0.057276128902065127,0.965011,0.9961183569018969
0.07,0.002512,-0.05635706970792165,0.963715,0.9942034883856118
0.071,0.002512,-0.05543743308807336,0.962851,0.9922908032277825
0.072,0.002512,-0.054517218679737134,0.961555,0.9903802989389149
0.073,0.003349,-0.053596426119899565,0.960691,0.9884719730323529
0.074,0.003349,-0.05267505504532055,0.960259,0.9865658230242763
0.075,0.003349,-0.05175310509253106,0.958531,0.984661846433697
0.076,0.003349,-0.05083057589783446,0.958099,0.9827600407824556
0.077,0.003349,-0.049907467097304536,0.957235,0.9808604035952179
0.078,0.003349,-0.04898377832678791,0.954644,0.9789629323994727
0.079,0.003349,-0.0480595092219005,0.953348,0.977067624725528
0.08,0.003767,-0.04713465941803108,0.952916,0.9751744781065071
0.081,0.003767,-0.04620922855033838,0.952052,0.973283490078347
0.082,0.004604,-0.0452832162537522,0.951188,0.9713946581797938
0.083,0.004604,-0.04435662216297254,0.950756,0.9695079799523997
0.084,0.004604,-0.04342944591247089,0.94946,0.9676234529405204
0.085,0.004604,-0.04250168713648783,0.948164,0.9657410746913117
0.086,0.004604,-0.04157334546903546,0.947732,0.9638608427547254
0.087,0.005023,-0.04064442054389428,0.946868,0.9619827546835077
0.088,0.005023,-0.03971491199461674,0.94514,0.960106808033195
0.089,0.005023,-0.038784819454523056,0.943844,0.9582330003621106
0.09,0.005023,-0.037854142556704495,0.943413,0.9563613292313623
0.091,0.005023,-0.03692288093402096,0.942981,0.9544917922048383
0.092,0.005023,-0.03599103421910277,0.941685,0.9526243868492047
0.093,0.005023,-0.03505860204434774,0.940821,0.9507591107339021
0.094,0.005023,-0.03412558404192434,0.939525,0.9488959614311429
0.095,0.005023,-0.03319197984376898,0.938661,0.9470349365159064
0.096,0.005023,-0.03225778908158716,0.936501,0.9451760335659384
0.097,0.005023,-0.031323011386853006,0.935637,0.9433192501617459
0.098,0.005023,-0.030387646390809042,0.935205,0.9414645838865946
0.099,0.005023,-0.029451693724465766,0.934341,0.9396120323265059
0.1,0.005442,-0.028515153018602746,0.933909,0.937761593070254
0.101,0.006279,-0.027578023903767068,0.933045,0.9359132637093616
0.102,0.006279,-0.026640306010273118,0.931317,0.9340670418380982
0.103,0.007116,-0.02570199896820391,0.930022,0.9322229250534765
0.104,0.007116,-0.02476310240740931,0.928726,0.9303809109552487
0.105,0.007116,-0.023823615957507593,0.926566,0.9285409971459034
0.106,0.007535,-0.022883539247883666,0.92527,0.926703181230664
0.107,0.007535,-0.021942871907689065,0.92527,0.9248674608174835
0.108,0.007535,-0.021001613565843735,0.923542,0.9230338335170428
0.109,0.007535,-0.02005976385103314,0.922246,0.9212022969427472
0.11,0.007535,-0.019117322391710045,0.919654,0.9193728487107228
0.111,0.00879,-0.018174288816093842,0.919222,0.9175454864398142
0.112,0.00879,-0.017230662752170334,0.918359,0.9157202077515808
0.113,0.00879,-0.016286443827691066,0.916199,0.913897010270294
0.114,0.009209,-0.01534163167017466,0.914903,0.912075891622934
0.115,0.009209,-0.014396225906904814,0.912743,0.910256849439187
0.116,0.009627,-0.013450226164931633,0.912743,0.9084398813514417
0.117,0.010046,-0.012503632071070747,0.912311,0.9066249849947866
0.118,0.010465,-0.011556443251903081,0.911015,0.9048121580070058
0.119,0.010465,-0.010608659333774861,0.910151,0.9030013980285777
0.12,0.010465,-0.009660279942798722,0.908855,0.901192702702671
0.121,0.010465,-0.008711304704850598,0.907559,0.8993860696751416
0.122,0.010465,-0.007761733245572611,0.9054,0.8975814965945293
0.123,0.010465,-0.006811565190371738,0.904536,0.8957789811120557
0.124,0.010465,-0.005860800164418256,0.904536,0.8939785208816199
0.125,0.010465,-0.004909437792649074,0.904104,0.8921801135597963
0.126,0.010465,-0.003957477699763734,0.90324,0.8903837568058312
0.127,0.010465,-0.0030049195102259674,0.901512,0.8885894482816402
0.128,0.010465,-0.0020517628482652484,0.900216,0.8867971856518043
0.129,0.010465,-0.0010980073378730193,0.89892,0.8850069665835679
0.13,0.010465,-0.00014365260280557735,0.897624,0.8832187887468347
0.131,0.010465,0.0008113017334172579,0.895896,0.8814326498141659
0.132,0.010883,0.0017668560475128103,0.895464,0.8796485474607759
0.133,0.012139,0.0027230107164342154,0.893305,0.8778664793645298
0.134,0.012139,0.0036797661173721963,0.892009,0.8760864432059406
0.135,0.012139,0.004637122627753731,0.891145,0.8743084366681667
0.136,0.012558,0.005595080625243609,0.890713,0.8725324574370069
0.137,0.013395,0.0065536404877439836,0.888553,0.8707585032008996
0.138,0.013813,0.007512802593393264,0.888121,0.8689865716509185
0.139,0.013813,0.00847256732056878,0.887689,0.8672166604807702
0.14,0.013813,0.009432935047884783,0.886825,0.8654487673867907
0.141,0.01465,0.010393906154194221,0.885961,0.8636828900679429
0.142,0.01465,0.011355481018586966,0.884233,0.8619190262258133
0.143,0.015069,0.012317660020391807,0.883369,0.8601571735646091
0.144,0.015488,0.01328044353917579,0.882073,0.858397329791155
0.145,0.015906,0.01424383195474399,0.881641,0.8566394926148907
0.146,0.016325,0.015207825647140627,0.880778,0.8548836597478676
0.147,0.016743,0.016172424996648394,0.880778,0.8531298289047454
0.148,0.017162,0.017137630383789126,0.879914,0.8513779978027903
0.149,0.017999,0.018103442189323804,0.878618,0.8496281641618707
0.15,0.017999,0.01906986079425188,0.877322,0.847880325704455
0.151,0.018418,0.020036886579813507,0.87689,0.8461344801556089
0.152,0.018836,0.021004519927486864,0.876026,0.844390625242991
0.153,0.019674,0.021972761218991055,0.875594,0.8426487586968522
0.154,0.020092,0.02294161083628432,0.875162,0.8409088782500301
0.155,0.020092,0.023911069161564935,0.873434,0.8391709816379486
0.156,0.020511,0.024881136577271423,0.87257,0.8374350665986124
0.157,0.020929,0.025851813466082785,0.872138,0.8357011308726062
0.158,0.020929,0.02682310021091827,0.87041,0.833969172203091
0.159,0.021348,0.027794997194937165,0.869546,0.8322391883358004
0.16,0.021348,0.028767504801540777,0.868683,0.8305111770190389
0.161,0.021766,0.029740623414369782,0.867819,0.8287851360036783
0.162,0.022185,0.03071435341730755,0.867387,0.8270610630431546
0.163,0.022185,0.03168869519447681,0.866955,0.825338955893466
0.164,0.022185,0.03266364913024278,0.866091,0.8236188123131686
0.165,0.022604,0.03363921560921246,0.864795,0.8219006300633748
0.166,0.022604,0.03461539501623334,0.863499,0.8201844069077494
0.167,0.023022,0.035592187736395386,0.862635,0.8184701406125071
0.168,0.023022,0.036569594155030805,0.861771,0.81675782894641
0.169,0.023022,0.03754761465771317,0.861771,0.8150474696807642
0.17,0.023441,0.038526249630258746,0.860475,0.8133390605894167
0.171,0.023859,0.0395054994587265,0.857019,0.8116325994487529
0.172,0.023859,0.040485364529416756,0.856156,0.8099280840376936
0.173,0.024278,0.04146584522887453,0.854428,0.8082255121376919
0.174,0.024697,0.0424469419438851,0.853132,0.8065248815327312
0.175,0.024697,0.043428655061479304,0.850108,0.8048261900093207
0.176,0.025115,0.04441098496892981,0.848812,0.8031294353564943
0.177,0.025952,0.04539393205375242,0.847084,0.8014346153658064
0.178,0.025952,0.046377496703706944,0.84622,0.7997417278313294
0.179,0.026371,0.0473616793067968,0.844924,0.7980507705496515
0.18,0.026371,0.048346480251268975,0.84406,0.7963617413198724
0.181,0.026789,0.049331899925614486,0.842333,0.7946746379436022
0.182,0.027208,0.05031793871856838,0.840605,0.7929894582249567
0.183,0.027627,0.05130459701910994,0.839309,0.7913061999705565
0.184,0.028045,0.0522918752164625,0.838013,0.7896248609895226
0.185,0.028464,0.05327977370009518,0.836717,0.787945439093474
0.186,0.028464,0.05426829285972001,0.835421,0.7862679320965246
0.187,0.028464,0.05525743308529507,0.832829,0.7845923378152814
0.188,0.028464,0.056247194767023334,0.832397,0.7829186540688408
0.189,0.028464,0.05723757829535203,0.831533,0.7812468786787851
0.19,0.028464,0.05822858406097553,0.831102,0.7795770094691817
0.191,0.029301,0.05922021245483178,0.83067,0.7779090442665783
0.192,0.030557,0.06021246386810497,0.830238,0.7762429809000005
0.193,0.031394,0.06120533869222555,0.828078,0.7745788172009499
0.194,0.031812,0.06219883731886955,0.825486,0.7729165510034005
0.195,0.032231,0.06319296013995879,0.823758,0.7712561801437957
0.196,0.03265,0.06418770754766201,0.821166,0.7695977024610462
0.197,0.033905,0.06518307993439354,0.819438,0.7679411157965269
0.198,0.034743,0.06617907769281484,0.819006,0.7662864179940735
0.199,0.035161,0.06717570121583383,0.817279,0.7646336068999803
0.2,0.035998,0.06817295089660558,0.816415,0.7629826803629974
0.201,0.035998,0.06917082712853162,0.815983,0.7613336362343283
0.202,0.035998,0.07016933030526107,0.815119,0.7596864723676259
0.203,0.036835,0.0711684608206904,0.813823,0.7580411866189903
0.204,0.036835,0.07216821906896298,0.813823,0.7563977768469666
0.205,0.037254,0.0731686054444709,0.811663,0.7547562409125416
0.206,0.037673,0.07416962034185293,0.810799,0.7531165766791402
0.207,0.038091,0.07517126415599629,0.809071,0.7514787820126249
0.208,0.038928,0.07617353728203624,0.808639,0.7498428547812904
0.209,0.039766,0.07717644011535651,0.807343,0.7482087928558624
0.21,0.040184,0.07817997305158908,0.806479,0.7465765941094941
0.211,0.04144,0.07918413648661415,0.803888,0.7449462564177644
0.212,0.042696,0.08018893081656087,0.802592,0.743317777658674
0.213,0.043533,0.08119435643780792,0.801296,0.7416911557126434
0.214,0.045207,0.08220041374698206,0.799136,0.7400663884625095
0.215,0.045626,0.08320710314095958,0.798704,0.7384434737935236
0.216,0.046044,0.08421442501686616,0.796544,0.7368224095933483
0.217,0.046463,0.08522237977207703,0.795248,0.7352031937520543
0.218,0.046882,0.08623096780421724,0.794384,0.7335858241621186
0.219,0.0473,0.08724018951116141,0.792225,0.7319702987184206
0.22,0.047719,0.08825004529103375,0.791793,0.7303566153182403
0.221,0.048137,0.08926053554220958,0.790929,0.7287447718612555
0.222,0.048556,0.09027166066331382,0.789633,0.7271347662495385
0.223,0.048556,0.09128342105322185,0.788337,0.7255265963875538
0.224,0.048556,0.09229581711105994,0.785745,0.7239202601821552
0.225,0.048556,0.09330884923620464,0.784017,0.7223157555425831
0.226,0.048556,0.09432251782828449,0.782289,0.7207130803804621
0.227,0.049812,0.09533682328717785,0.780562,0.7191122326097977
0.228,0.05023,0.09635176601301487,0.779266,0.7175132101469738
0.229,0.051486,0.09736734640617706,0.778402,0.7159160109107502
0.23,0.051905,0.09838356486729793,0.777538,0.7143206328222599
0.231,0.052323,0.09940042179726127,0.775378,0.7127270738050061
0.232,0.052323,0.10041791759720486,0.774082,0.7111353317848598
0.233,0.052323,0.10143605266851652,0.77365,0.7095454046900563
0.234,0.052323,0.10245482741283762,0.771922,0.7079572904511943
0.235,0.05316,0.10347424223206114,0.77149,0.706370987001231
0.236,0.055253,0.10449429752833272,0.770626,0.7047864922754813
0.237,0.055672,0.10551499370405093,0.769762,0.7032038042116139
0.238,0.05609,0.10653633116186656,0.768035,0.7016229207496482
0.239,0.05609,0.10755831030468443,0.766739,0.7000438398319541
0.24,0.05609,0.10858093153566117,0.765011,0.6984665594032461
0.241,0.05609,0.10960419525820786,0.763715,0.6968910774105831
0.242,0.056928,0.11062810187598782,0.760691,0.6953173918033649
0.243,0.056928,0.1116526517929195,0.758531,0.6937455005333281
0.244,0.056928,0.11267784541317383,0.757235,0.6921754015545464
0.245,0.057346,0.11370368314117663,0.756371,0.6906070928234253
0.246,0.057346,0.11473016538160707,0.755508,0.6890405722987009
0.247,0.057346,0.11575729253939882,0.752916,0.6874758379414362
0.248,0.058602,0.11678506501973995,0.752052,0.6859128877150195
0.249,0.058602,0.11781348322807306,0.749892,0.6843517195851613
0.25,0.058602,0.11884254757009605,0.748596,0.6827923315198915
0.251,0.059439,0.11987225845176086,0.746004,0.6812347214895568
0.252,0.059858,0.12090261627927479,0.743413,0.6796788874668181
0.253,0.059858,0.12193362145910047,0.742549,0.6781248274266481
0.254,0.060276,0.12296527439795568,0.741685,0.6765725393463285
0.255,0.060695,0.12399757550281465,0.739957,0.6750220212054471
0.256,0.060695,0.1250305251809054,0.737797,0.6734732709858956
0.257,0.060695,0.12606412383971421,0.736501,0.6719262866718664
0.258,0.061113,0.12709837188698114,0.735637,0.6703810662498507
0.259,0.062369,0.1281332697307036,0.734341,0.6688376077086357
0.26,0.063206,0.12916881777913547,0.732613,0.6672959090393012
0.261,0.063625,0.13020501644078641,0.731317,0.6657559682352182
0.262,0.064044,0.13124186612442323,0.728726,0.6642177832920456
0.263,0.065299,0.13227936723906963,0.726998,0.6626813522077272
0.264,0.065718,0.133317520194006,0.723974,0.6611466729824903
0.265,0.066136,0.13435632539877007,0.722246,0.6596137436188413
0.266,0.067392,0.1353957832631565,0.717927,0.6580825621215655
0.267,0.067811,0.1364358941972179,0.715767,0.6565531264977221
0.268,0.069067,0.1374766586112648,0.713607,0.6550254347566432
0.269,0.070322,0.13851807691586404,0.711447,0.6534994849099304
0.27,0.070741,0.13956014952184193,0.711015,0.651975274971453
0.271,0.072415,0.1406028768402825,0.709287,0.6504528029573445
0.272,0.072834,0.1416462592825276,0.707991,0.6489320668860002
0.273,0.073252,0.14269029726017823,0.705832,0.6474130647780755
0.274,0.073252,0.14373499118509359,0.704536,0.6458957946564822
0.275,0.073671,0.14478034146939112,0.702808,0.6443802545463867
0.276,0.075345,0.14582634852544807,0.702376,0.6428664424752063
0.277,0.077857,0.14687301276590037,0.70108,0.6413543564726089
0.278,0.078275,0.1479203346036433,0.699784,0.6398439945705082
0.279,0.078275,0.14896831445183145,0.699352,0.6383353548030614
0.28,0.078694,0.15001695272387927,0.696328,0.6368284352066681
0.281,0.079113,0.1510662498334605,0.695032,0.6353232338199665
0.282,0.079113,0.15211620619450894,0.694168,0.6338197486838312
0.283,0.079531,0.15316682222121858,0.692441,0.6323179778413704
0.284,0.082043,0.15421809832804367,0.691577,0.6308179193379236
0.285,0.083298,0.1552700349296987,0.689849,0.6293195712210596
0.286,0.084136,0.15632263244115907,0.687689,0.6278229315405727
0.287,0.084973,0.15737589127765994,0.686393,0.6263279983484807
0.288,0.08581,0.15842981185469873,0.685961,0.6248347696990239
0.289,0.086647,0.15948439458803265,0.685097,0.6233432436486593
0.29,0.086647,0.16053963989368158,0.682937,0.6218534182560612
0.291,0.087484,0.16159554818792454,0.680778,0.6203652915821173
0.292,0.087484,0.16265211988730433,0.67905,0.6188788616899256
0.293,0.088321,0.1637093554086244,0.676458,0.6173941266447934
0.294,0.089159,0.16476725516895008,0.675162,0.6159110845142336
0.295,0.091252,0.16582581958560905,0.67473,0.6144297333679624
0.296,0.091252,0.16688504907619084,0.673002,0.6129500712778974
0.297,0.092926,0.16794494405854743,0.67041,0.6114720963181538
0.298,0.093763,0.16900550495079347,0.669114,0.609995806565044
0.299,0.0946,0.17006673217130652,0.667819,0.6085212000970724
0.3,0.0946,0.1711286261387266,0.665227,0.6070482749949354
0.301,0.095437,0.1721911872719568,0.665227,0.6055770293415169
0.302,0.096275,0.17325441599016322,0.663067,0.6041074612218879
0.303,0.096693,0.17431831271277587,0.660907,0.6026395687233016
0.304,0.09753,0.17538287785948792,0.660043,0.6011733499351931
0.305,0.098786,0.1764481118502561,0.658315,0.5997088029491752
0.306,0.099623,0.17751401510530185,0.657019,0.5982459258590372
0.307,0.100879,0.178580588045109,0.655292,0.5967847167607415
0.308,0.102135,0.1796478310904268,0.65486,0.595325173752422
0.309,0.102553,0.18071574466226892,0.653564,0.5938672949343805
0.31,0.102972,0.181784329181913,0.6527,0.5924110784090854
0.311,0.103391,0.18285358507090121,0.652268,0.5909565222811685
0.312,0.104646,0.18392351275104146,0.649676,0.5895036246574225
0.313,0.105902,0.18499411264440568,0.647516,0.5880523836467991
0.314,0.107158,0.18606538517333115,0.646652,0.5866027973604061
0.315,0.107995,0.18713733076042138,0.644492,0.5851548639115051
0.316,0.108832,0.18820994982854478,0.642765,0.5837085814155084
0.317,0.109251,0.18928324280083486,0.641901,0.5822639479899784
0.318,0.110506,0.19035721010069184,0.639741,0.5808209617546224
0.319,0.110925,0.1914318521517817,0.636717,0.5793796208312926
0.32,0.111762,0.19250716937803647,0.634557,0.5779399233439827
0.321,0.113018,0.19358316220365457,0.631965,0.576501867418825
0.322,0.113018,0.19465983105310114,0.63067,0.5750654511840881
0.323,0.114274,0.19573717635110754,0.629374,0.573630672770176
0.324,0.11553,0.1968151985226727,0.628078,0.5721975303096233
0.325,0.116785,0.19789389799306178,0.627214,0.5707660219370941
0.326,0.117204,0.1989732751878075,0.625054,0.5693361457893801
0.327,0.118878,0.20005333053271035,0.622894,0.5679079000053965
0.328,0.119715,0.2011340644538373,0.620734,0.5664812827261813
0.329,0.120553,0.2022154773775242,0.61987,0.5650562920948917
0.33,0.120971,0.20329756973037383,0.618143,0.563632926256802
0.331,0.122645,0.20438034193925736,0.617279,0.5622111833593016
0.332,0.123901,0.20546379443131446,0.615983,0.5607910615518922
0.333,0.125157,0.20654792763395236,0.613823,0.5593725589861852
0.334,0.126413,0.20763274197484782,0.612095,0.5579556738158996
0.335,0.126413,0.2087182378819452,0.612095,0.5565404041968603
0.336,0.126831,0.20980441578345865,0.610367,0.5551267482869938
0.337,0.127668,0.2108912761078714,0.609935,0.5537147042463281
0.338,0.128087,0.2119788192839347,0.609935,0.5523042702369879
0.339,0.129343,0.2130670457406707,0.608639,0.5508954444231949
0.34,0.129761,0.2141559559073698,0.606911,0.5494882249712626
0.341,0.130599,0.21524555021359326,0.605184,0.548082610049596
0.342,0.131017,0.21633582908917126,0.603024,0.5466785978286887
0.343,0.132273,0.21742679296420464,0.601728,0.5452761864811196
0.344,0.133529,0.21851844226906403,0.600864,0.5438753741815524
0.345,0.134784,0.21961077743439117,0.599136,0.542476159106731
0.346,0.137296,0.22070379889109715,0.596544,0.5410785394354783
0.347,0.13897,0.22179750707036483,0.592657,0.5396825133486945
0.348,0.139807,0.22289190240364776,0.590929,0.5382880790293533
0.349,0.140645,0.2239869853226708,0.589201,0.5368952346625001
0.35,0.141063,0.22508275625942886,0.587473,0.5355039784352505
0.351,0.141482,0.22617921564618992,0.586177,0.5341143085367862
0.352,0.142738,0.22727636391549244,0.585313,0.5327262231583546
0.353,0.143156,0.22837420150014665,0.582721,0.5313397204932645
0.354,0.143156,0.22947272883323544,0.581425,0.5299547987368852
0.355,0.143575,0.23057194634811307,0.580562,0.5285714560866438
0.356,0.145668,0.23167185447840666,0.579698,0.5271896907420229
0.357,0.146505,0.2327724536580149,0.57797,0.5258095009045572
0.358,0.147342,0.23387374432111052,0.576242,0.5244308847778328
0.359,0.148598,0.2349757269021373,0.574082,0.5230538405674837
0.36,0.149853,0.23607840183581308,0.574082,0.5216783664811903
0.361,0.151528,0.237181769557129,0.57365,0.5203044607286759
0.362,0.152365,0.23828583050134822,0.572354,0.5189321215217061
0.363,0.152365,0.23939058510400923,0.570626,0.5175613470740844
0.364,0.153202,0.24049603380092255,0.569762,0.5161921356016518
0.365,0.155295,0.24160217702817288,0.568035,0.5148244853222831
0.366,0.155295,0.24270901522211985,0.566307,0.5134583944558856
0.367,0.156551,0.24381654881939574,0.565875,0.5120938612243954
0.368,0.159062,0.24492477825690884,0.564579,0.5107308838517771
0.369,0.160318,0.2460337039718401,0.562851,0.5093694605640194
0.37,0.161155,0.2471433264016467,0.560691,0.5080095895891344
0.371,0.161574,0.24825364598405963,0.557235,0.5066512691571542
0.372,0.163248,0.24936466315708605,0.555508,0.5052944975001293
0.373,0.164504,0.25047637835900693,0.55378,0.5039392728521263
0.374,0.16576,0.251588792028379,0.55162,0.5025855934492244
0.375,0.166597,0.25270190460403574,0.550324,0.5012334575295151
0.376,0.167853,0.2538157165250845,0.548596,0.49988286333309817
0.377,0.168271,0.25493022823090983,0.546436,0.49853380910208067
0.378,0.169946,0.2560454401611716,0.545572,0.49718629308057316
0.379,0.170783,0.25716135275580676,0.542117,0.49584031351468905
0.38,0.172876,0.25827796645502765,0.541685,0.49449586865254125
0.381,0.173713,0.25939528169932347,0.540389,0.49315295674424
0.382,0.174969,0.26051329892946073,0.539957,0.4918115760418914
0.383,0.175387,0.2616320185864822,0.537797,0.4904717247995939
0.384,0.176643,0.26275144111170845,0.536501,0.48913340127343685
0.385,0.177899,0.26387156694673664,0.535205,0.48779660372149836
0.386,0.178317,0.26499239653344153,0.534341,0.486461330403842
0.387,0.178736,0.26611393031397546,0.533909,0.48512757958251573
0.388,0.18041,0.26723616873076916,0.533045,0.48379534952154934
0.389,0.182085,0.26835911222653075,0.530022,0.4824646384869514
0.39,0.182922,0.2694827612442465,0.528726,0.4811354447467081
0.391,0.183759,0.2706071162271808,0.526566,0.47980776657078017
0.392,0.185852,0.2717321776188777,0.525702,0.47848160223110126
0.393,0.187108,0.2728579458631586,0.524406,0.4771569500015752
0.394,0.188782,0.27398442140412405,0.523542,0.47583380815807386
0.395,0.189619,0.2751116046861537,0.522246,0.47451217497843523
0.396,0.190456,0.2762394961539072,0.52095,0.4731920487424607
0.397,0.192968,0.2773680962523224,0.520086,0.4718734277319129
0.398,0.195061,0.27849740542661694,0.517063,0.47055631023051403
0.399,0.196316,0.27962742412228847,0.514903,0.46924069452394324
0.4,0.197154,0.28075815278511485,0.514039,0.4679265788998338
0.401,0.197572,0.2818895918611537,0.512311,0.46661396164777236
0.402,0.198409,0.2830217417967418,0.511015,0.46530284105929465
0.403,0.198828,0.2841546030384985,0.509719,0.4639932154278853
0.404,0.200502,0.2852881760333221,0.508855,0.4626850830489745
0.405,0.200921,0.2864224612283919,0.507559,0.46137844221993574
0.406,0.203432,0.2875574590711689,0.5054,0.46007329124008434
0.407,0.204688,0.2886931700093951,0.503672,0.4587696284106747
0.408,0.206781,0.2898295944910927,0.500648,0.45746745203489725
0.409,0.207618,0.29096673296456665,0.499352,0.4561667604178784
0.41,0.208874,0.2921045858784026,0.49892,0.4548675518666766
0.411,0.208874,0.29324315368146925,0.49676,0.4535698246902803
0.412,0.209711,0.294382436822916,0.495032,0.45227357719960637
0.413,0.211804,0.2955224357521753,0.493305,0.45097880770749754
0.414,0.214316,0.29666315091896167,0.491577,0.4496855145287205
0.415,0.214316,0.29780458277327204,0.490281,0.4483936959799627
0.416,0.216409,0.29894673176538644,0.487689,0.44710335037983195
0.417,0.218083,0.30008959834586735,0.485961,0.4458144760488526
0.418,0.219757,0.30123318296556056,0.484665,0.4445270713094639
0.419,0.220594,0.30237748607559545,0.483369,0.4432411344860182
0.42,0.221432,0.3035225081273838,0.482073,0.44195666390477817
0.421,0.22185,0.3046682495726223,0.48121,0.4406736578939151
0.422,0.223106,0.30581471086329093,0.479914,0.4393921147835066
0.423,0.22478,0.30696189245165306,0.478618,0.438112032905534
0.424,0.226036,0.30810979479025735,0.476458,0.4368334105938806
0.425,0.227292,0.30925841833193535,0.47473,0.43555624618432975
0.426,0.228966,0.3104077635298046,0.47473,0.4342805380145617
0.427,0.23064,0.31155783083726596,0.473434,0.43300628442415323
0.428,0.232733,0.3127086207080061,0.473002,0.4317334837545733
0.429,0.233989,0.31386013359599674,0.470842,0.4304621343491827
0.43,0.234408,0.3150123699554943,0.469114,0.4291922345532303
0.431,0.236919,0.31616533024104054,0.468251,0.42792378271385234
0.432,0.238594,0.3173190149074636,0.466523,0.42665677718006967
0.433,0.239849,0.31847342440987636,0.463931,0.4253912163027854
0.434,0.240686,0.3196285592036787,0.462203,0.4241270984347828
0.435,0.243617,0.32078441974455507,0.458315,0.42286442193072415
0.436,0.245291,0.32194100648847845,0.456156,0.421603185147147
0.437,0.246965,0.32309831989170634,0.453996,0.4203433864424625
0.438,0.250314,0.32425636041078376,0.451404,0.4190850241769545
0.439,0.251988,0.3254151285025424,0.451404,0.41782809671277577
0.44,0.254081,0.32657462462410103,0.449676,0.416572602413947
0.441,0.256174,0.32773484923286533,0.447084,0.415318539646354
0.442,0.257848,0.32889580278652897,0.445356,0.41406590677774624
0.443,0.258267,0.3300574857430727,0.44406,0.4128147021777332
0.444,0.260779,0.3312198985607646,0.440605,0.4115649242177847
0.445,0.26329,0.33238304169816213,0.438877,0.41031657127122656
0.446,0.263709,0.33354691561410954,0.437581,0.4090696417132397
0.447,0.264546,0.33471152076773913,0.435421,0.4078241339208578
0.448,0.266639,0.33587685761847297,0.434989,0.4065800462729646
0.449,0.26915,0.3370429266260211,0.431965,0.4053373771502927
0.45,0.270825,0.338209728250382,0.428942,0.4040961249354208
0.451,0.272499,0.33937726295184345,0.42851,0.4028562880127716
0.452,0.274173,0.3405455311909831,0.426782,0.4016178647686105
0.453,0.27501,0.34171453342866687,0.42419,0.4003808535910426
0.454,0.277103,0.3428842701260508,0.421598,0.3991452528700107
0.455,0.277522,0.3440547417445803,0.420302,0.39791106099729345
0.456,0.279615,0.34522594874599144,0.418143,0.39667827636650344
0.457,0.280452,0.3463978915923096,0.415551,0.3954468973730848
0.458,0.282126,0.3475705707458514,0.412095,0.39421692241431117
0.459,0.283801,0.34874398666922235,0.409071,0.3929883498892838
0.46,0.286731,0.3499181398253204,0.405184,0.39176117819892886
0.461,0.289661,0.351093030677333,0.403456,0.3905354057459961
0.462,0.291754,0.3522686596887392,0.401296,0.3893110309350568
0.463,0.29301,0.35344502732330896,0.399568,0.38808805217250086
0.464,0.295103,0.3546221340451041,0.397408,0.38686646786653534
0.465,0.297614,0.3557999803184779,0.394816,0.3856462764271825
0.466,0.300126,0.3569785666080747,0.394384,0.38442747626627727
0.467,0.304311,0.35815789337883097,0.393521,0.3832100657974652
0.468,0.307242,0.3593379610959764,0.391793,0.3819940434362016
0.469,0.309753,0.36051877022503165,0.390497,0.3807794075997476
0.47,0.313102,0.3617003212318102,0.387473,0.37956615670716876
0.471,0.316869,0.3628826145824189,0.383585,0.37835428917933445
0.472,0.31938,0.36406565074325603,0.381425,0.37714380343891374
0.473,0.322729,0.36524943018101474,0.378834,0.3759346979103738
0.474,0.326496,0.3664339533626799,0.375378,0.3747269710199793
0.475,0.328171,0.3676192207555298,0.374082,0.37352062119578855
0.476,0.331101,0.3688052328271376,0.371058,0.3723156468676522
0.477,0.333612,0.3699919900453692,0.366739,0.37111204646721163
0.478,0.335705,0.3711794928783845,0.361123,0.3699098184278963
0.479,0.336542,0.37236774179463805,0.358963,0.368708961184922
0.48,0.341147,0.37355673726287764,0.356371,0.36750947317528804
0.481,0.344914,0.3747464797521467,0.354644,0.36631135283777716
0.482,0.3491,0.37593696973178314,0.353348,0.36511459861295104
0.483,0.352867,0.37712820767141975,0.349892,0.3639192089431499
0.484,0.355797,0.37832019404098327,0.348164,0.36272518227249007
0.485,0.361658,0.3795129293106976,0.345572,0.36153251704686207
0.486,0.366681,0.3807064139510805,0.342981,0.36034121171392786
0.487,0.370029,0.38190064843294613,0.340389,0.3591512647231202
0.488,0.372541,0.38309563322740403,0.336933,0.3579626745256389
0.489,0.375052,0.38429136880586,0.334341,0.35677543957445057
0.49,0.378401,0.3854878556400163,0.332613,0.3555895583242853
0.491,0.381331,0.3866850942018707,0.328294,0.35440502923163575
0.492,0.38468,0.38788308496371804,0.32527,0.353221850754753
0.493,0.388447,0.38908182839815053,0.320086,0.352040021353648
0.494,0.39347,0.3902813249780561,0.315767,0.3508595394900861
0.495,0.396819,0.3914815751766203,0.314039,0.34968040362758723
0.496,0.40226,0.3926825794673261,0.311015,0.34850261223142354
0.497,0.407283,0.39388433832395364,0.306695,0.34732616376861614
0.498,0.409376,0.39508685222058126,0.304104,0.3461510567079348
0.499,0.411051,0.39629012163158484,0.302376,0.34497728951989537
0.5,0.412306,0.3974941470316382,0.301512,0.34380486067675686
0.501,0.413981,0.39869892889571346,0.299784,0.3426337686525208
0.502,0.416911,0.3999044676990813,0.298056,0.34146401192292897
0.503,0.418167,0.4011107639173104,0.295464,0.3402955889654601
0.504,0.419422,0.4023178180262692,0.294168,0.33912849825933
0.505,0.422771,0.4035256305021244,0.292441,0.33796273828548784
0.506,0.424864,0.404734201821342,0.291577,0.3367983075266151
0.507,0.425701,0.40594353246068815,0.289849,0.33563520446712325
0.508,0.429468,0.4071536228972268,0.288553,0.33447342759315146
0.509,0.43198,0.4083644736083234,0.285961,0.3333129753925662
0.51,0.434073,0.4095760850716421,0.282937,0.33215384635495704
0.511,0.435747,0.4107884577651477,0.280778,0.33099603897163565
0.512,0.436584,0.41200159216710586,0.279482,0.3298395517356346
0.513,0.439096,0.4132154887560815,0.277322,0.32868438314170445
0.514,0.442445,0.4144301480109409,0.277322,0.32753053168631185
0.515,0.444119,0.41564557041085104,0.276458,0.32637799586763816
0.516,0.44663,0.41686175643528034,0.27473,0.3252267741855771
0.517,0.448723,0.4180787065639975,0.272138,0.3240768651417322
0.518,0.448723,0.4192964212770742,0.27041,0.32292826723941637
0.519,0.449979,0.4205149010548821,0.269546,0.32178097898364844
0.52,0.452072,0.4217341463780957,0.266091,0.32063499888115243
0.521,0.454165,0.4229541577276916,0.264795,0.31949032544035416
0.522,0.455421,0.4241749355849471,0.263499,0.31834695717138095
0.523,0.457095,0.42539648043144385,0.260043,0.3172048925860588
0.524,0.458351,0.4266187927490652,0.258747,0.3160641301979098
0.525,0.459607,0.42784187301999665,0.257883,0.3149246685221516
0.526,0.460862,0.4290657217267275,0.257019,0.313786506075695
0.527,0.462118,0.4302903393520501,0.255724,0.3126496413771416
0.528,0.46463,0.4315157263790599,0.253996,0.3115140729467816
0.529,0.465048,0.4327418832911558,0.2527,0.3103797993065931
0.53,0.467141,0.4339688105720403,0.251404,0.3092468189802392
0.531,0.468815,0.4351965087057206,0.249676,0.30811513049306605
0.532,0.470071,0.43642497817650683,0.24838,0.3069847323721019
0.533,0.470908,0.4376542194690143,0.247084,0.30585562314605375
0.534,0.47342,0.4388842330681626,0.243629,0.30472780134530686
0.535,0.475931,0.44011501945917564,0.243197,0.30360126550192146
0.536,0.476769,0.4413465791275826,0.239741,0.30247601414963243
0.537,0.47928,0.4425789125592172,0.239741,0.30135204582384567
0.538,0.481373,0.44381202024021893,0.237581,0.3002293590616373
0.539,0.48221,0.4450459026570328,0.235421,0.2991079524017516
0.54,0.483047,0.4462805602964086,0.234989,0.29798782438459914
0.541,0.484722,0.44751599364540295,0.233693,0.2968689735522544
0.542,0.486396,0.44875220319137754,0.233261,0.2957513984484542
0.543,0.48807,0.44998918942200117,0.231533,0.2946350976185962
0.544,0.488489,0.4512269528252484,0.230238,0.2935200696097362
0.545,0.490163,0.45246549388940016,0.228942,0.29240631297058683
0.546,0.491419,0.45370481310304545,0.228078,0.2912938262515157
0.547,0.491419,0.4549449109550787,0.226782,0.2901826080045429
0.548,0.492256,0.4561857879347022,0.22419,0.2890726567833398
0.549,0.495186,0.45742744453142614,0.223758,0.2879639711432268
0.55,0.496023,0.4586698812350667,0.22203,0.28685654964117147
0.551,0.496861,0.45991309853574935,0.221598,0.2857503908357871
0.552,0.498116,0.4611570969239067,0.219438,0.28464549328733
0.553,0.499791,0.46240187689028,0.217279,0.2835418555576983
0.554,0.500628,0.4636474389259184,0.215983,0.2824394762104301
0.555,0.501465,0.4648937835221798,0.214255,0.28133835381070105
0.556,0.503977,0.4661409111707302,0.213391,0.2802384869253228
0.557,0.504814,0.4673888223635456,0.212527,0.27913987412274155
0.558,0.507325,0.46863751759291006,0.209935,0.2780425139730349
0.559,0.509837,0.4698869973514179,0.207343,0.27694640504791224
0.56,0.511511,0.4711372621319718,0.205616,0.2758515459207098
0.561,0.512767,0.472388312427785,0.20216,0.27475793516639235
0.562,0.514441,0.4736401487323805,0.200432,0.2736655713615479
0.563,0.516116,0.47489277153959075,0.198272,0.27257445308438855
0.564,0.51779,0.47614618134355946,0.196544,0.2714845789147471
0.565,0.519883,0.47740037863873996,0.194816,0.27039594743407525
0.566,0.522394,0.4786553639198965,0.193521,0.269308557225443
0.567,0.524487,0.4799111376821046,0.193089,0.26822240687353527
0.568,0.526162,0.48116770042074974,0.192225,0.2671374949646512
0.569,0.527417,0.4824250526315301,0.191361,0.26605382008670153
0.57,0.52951,0.4836831948104543,0.189633,0.264971380829207
0.571,0.530347,0.48494212745384213,0.187905,0.2638901757832973
0.572,0.532859,0.48620185105832703,0.186609,0.2628102035417077
0.573,0.534533,0.4874623661208528,0.186177,0.26173146269877845
0.574,0.537045,0.48872367313867593,0.184881,0.26065395185045237
0.575,0.538301,0.4899857726093655,0.183153,0.2595776695942734
0.576,0.539556,0.4912486650308032,0.180994,0.2585026145293845
0.577,0.540812,0.4925123509011835,0.179698,0.2574287852565258
0.578,0.543742,0.4937768307190129,0.177106,0.2563561803780332
0.579,0.546254,0.49504210498311374,0.174946,0.2552847984978359
0.58,0.547928,0.4963081741926183,0.17365,0.25421463822145496
0.581,0.549602,0.49757503884697507,0.172354,0.25314569815600163
0.582,0.550858,0.4988426994459456,0.171058,0.2520779769101752
0.583,0.551695,0.5001111564896046,0.170194,0.2510114730942614
0.584,0.55337,0.5013804104783419,0.168467,0.24994618532013047
0.585,0.555881,0.502650461912862,0.167171,0.24888211220123557
0.586,0.557974,0.5039213112941827,0.166307,0.24781925235261038
0.587,0.560067,0.5051929591236377,0.165443,0.24675760439086858
0.588,0.561741,0.506465405902875,0.164579,0.24569716693420018
0.589,0.563834,0.5077386521338585,0.162419,0.24463793860237149
0.59,0.566346,0.5090126983188668,0.161555,0.24357991801672252
0.591,0.568439,0.5102875449604942,0.161555,0.24252310380016484
0.592,0.570113,0.5115631925616511,0.161123,0.2414674945771803
0.593,0.571787,0.5128396416255636,0.161123,0.24041308897381974
0.594,0.573043,0.514116892655774,0.160691,0.2393598856176995
0.595,0.574299,0.5153949461561405,0.159827,0.23830788313800177
0.596,0.574299,0.5166738026308393,0.158963,0.2372570801654712
0.597,0.576392,0.5179534625843616,0.158099,0.23620747533241404
0.598,0.577648,0.5192339265215169,0.157667,0.23515906727269553
0.599,0.578066,0.5205151949474309,0.157667,0.23411185462173878
0.6,0.580578,0.5217972683675478,0.156803,0.2330658360165232
0.601,0.582252,0.5230801472876279,0.15594,0.23202101009558151
0.602,0.583089,0.5243638322137498,0.155508,0.2309773754990001
0.603,0.584763,0.5256483236523108,0.152916,0.22993493086841454
0.604,0.587694,0.5269336221100265,0.152484,0.22889367484700973
0.605,0.590624,0.5282197280939289,0.151188,0.2278536060795181
0.606,0.591042,0.5295066421113706,0.14946,0.22681472321221685
0.607,0.591879,0.5307943646700217,0.149028,0.22577702489292684
0.608,0.593554,0.5320828962778725,0.147732,0.2247405097710109
0.609,0.594391,0.5333722374432306,0.147732,0.22370517649737143
0.61,0.59481,0.5346623886747255,0.146436,0.22267102372444958
0.611,0.596902,0.5359533504813039,0.14514,0.22163805010622273
0.612,0.598995,0.5372451233722331,0.143844,0.22060625429820313
0.613,0.60067,0.5385377078571005,0.143413,0.21957563495743593
0.614,0.601925,0.5398311044458148,0.142981,0.21854619074249748
0.615,0.604437,0.5411253136486025,0.142117,0.21751792031349382
0.616,0.606111,0.5424203359760125,0.140389,0.21649082233205885
0.617,0.606949,0.5437161719389139,0.139957,0.21546489546135195
0.618,0.608623,0.5450128220484973,0.139525,0.21444013836605746
0.619,0.60946,0.5463102868162737,0.138661,0.21341654971238178
0.62,0.611972,0.5476085667540762,0.137797,0.21239412816805248
0.621,0.614902,0.5489076623740587,0.135637,0.21137287240231584
0.622,0.616576,0.5502075741886971,0.133909,0.21035278108593558
0.623,0.61825,0.5515083027107901,0.132613,0.20933385289119144
0.624,0.619087,0.5528098484534578,0.130886,0.20831608649187638
0.625,0.619506,0.5541122119301429,0.130022,0.20729948056329606
0.626,0.621599,0.55541539365461,0.12959,0.20628403378226634
0.627,0.624111,0.5567193941409474,0.128726,0.2052697448271117
0.628,0.625366,0.5580242139035667,0.127862,0.2042566123776639
0.629,0.627459,0.5593298534572011,0.126998,0.2032446351152597
0.63,0.629134,0.5606363133169088,0.126566,0.20223381172273958
0.631,0.630389,0.5619435939980704,0.124838,0.20122414088444585
0.632,0.631645,0.563251696016392,0.12311,0.20021562128622084
0.633,0.632482,0.5645606198879014,0.121814,0.19920825161540523
0.634,0.634575,0.5658703661289526,0.120518,0.19820203056083696
0.635,0.637505,0.5671809352562229,0.120518,0.1971969568128481
0.636,0.639598,0.568492327786714,0.120518,0.19619302906326486
0.637,0.641691,0.5698045442377542,0.119654,0.19519024600540436
0.638,0.642947,0.5711175851269943,0.11879,0.1941886063340741
0.639,0.645877,0.5724314509724129,0.117927,0.1931881087455697
0.64,0.647133,0.5737461422923114,0.117927,0.19218875193767304
0.641,0.648807,0.5750616596053189,0.117495,0.19119053460965096
0.642,0.650063,0.5763780034303896,0.116631,0.1901934554622533
0.643,0.650481,0.5776951742868037,0.116199,0.18919751319771172
0.644,0.651319,0.5790131726941679,0.115335,0.18820270651973714
0.645,0.653411,0.580331999172415,0.114039,0.18720903413351875
0.646,0.654249,0.5816516542418044,0.113175,0.186216494745722
0.647,0.655086,0.582972138422923,0.111879,0.18522508706448715
0.648,0.656342,0.5842934522366845,0.111447,0.1842348097994273
0.649,0.657179,0.585615596204329,0.110583,0.18324566166162715
0.65,0.658016,0.586938570847426,0.109719,0.18225764136364053
0.651,0.659272,0.5882623766878707,0.108855,0.1812707476194897
0.652,0.65969,0.589587014247887,0.107991,0.18028497914466313
0.653,0.661783,0.5909124840500277,0.105832,0.1793003346561136
0.654,0.662202,0.5922387866171721,0.104968,0.17831681287225742
0.655,0.664713,0.5935659224725305,0.104536,0.17733441251297155
0.656,0.666806,0.5948938921396387,0.104536,0.17635313229959282
0.657,0.667225,0.5962226961423649,0.103672,0.1753729709549161
0.658,0.668481,0.5975523350049035,0.102808,0.17439392720319258
0.659,0.668899,0.5988828092517802,0.101944,0.17341599977012778
0.66,0.670155,0.600214119407849,0.10108,0.17243918738288055
0.661,0.670573,0.6015462659982946,0.100216,0.17146348877006057
0.662,0.671411,0.6028792495486315,0.099784,0.17048890266172778
0.663,0.671829,0.6042130705847033,0.098488,0.16951542778938977
0.664,0.673085,0.6055477296326861,0.098056,0.1685430628860004
0.665,0.675596,0.606883227219084,0.09676,0.1675718066859585
0.666,0.676434,0.6082195638707335,0.096328,0.16660165792510584
0.667,0.678527,0.6095567401148021,0.095464,0.1656326153407255
0.668,0.679782,0.6108947564787883,0.095464,0.16466467767154025
0.669,0.681038,0.6122336134905211,0.0946,0.16369784365771145
0.67,0.682712,0.6135733116781628,0.092873,0.16273211204083649
0.671,0.683968,0.6149138515702062,0.092441,0.16176748156394782
0.672,0.684805,0.6162552336954772,0.092009,0.1608039509715109
0.673,0.687317,0.6175974585831325,0.091577,0.159841519009423
0.674,0.688991,0.6189405267626624,0.090281,0.1588801844250114
0.675,0.690666,0.6202844387638897,0.089417,0.15791994596703118
0.676,0.694014,0.6216291951169699,0.089417,0.1569608023856648
0.677,0.696107,0.622974796352392,0.088121,0.15600275243251915
0.678,0.697363,0.6243212430009775,0.087689,0.15504579486062509
0.679,0.6982,0.6256685355938816,0.087257,0.1540899284244348
0.68,0.699874,0.6270166746625943,0.086825,0.15313515187982107
0.681,0.701549,0.6283656607389381,0.085529,0.15218146398407506
0.682,0.703642,0.62971549435507,0.085529,0.15122886349590492
0.683,0.705735,0.6310661760434819,0.084233,0.1502773491754339
0.684,0.707828,0.632417706337,0.083369,0.14932691978419954
0.685,0.710339,0.6337700857687849,0.082937,0.14837757408515084
0.686,0.712851,0.635123314872333,0.082073,0.14742931084264776
0.687,0.714525,0.6364773941814745,0.080778,0.14648212882245915
0.688,0.715781,0.6378323242303761,0.080346,0.1455360267917608
0.689,0.717455,0.6391881055535402,0.079914,0.14459100351913445
0.69,0.719129,0.6405447386858041,0.079914,0.14364705777456577
0.691,0.719548,0.6419022241623422,0.079482,0.1427041883294431
0.692,0.721222,0.6432605625186645,0.078618,0.14176239395655543
0.693,0.722059,0.6446197542906174,0.078186,0.14082167343009122
0.694,0.723315,0.6459798000143839,0.078186,0.13988202552563667
0.695,0.724571,0.6473407002264848,0.07689,0.13894344902017364
0.696,0.725827,0.6487024554637768,0.07689,0.1380059426920791
0.697,0.728338,0.6500650662634542,0.076026,0.1370695053211226
0.698,0.73085,0.6514285331630496,0.07473,0.13613413568846489
0.699,0.731268,0.652792856700432,0.073866,0.1351998325766567
0.7,0.732943,0.6541580374138094,0.073002,0.13426659476963676
0.701,0.735454,0.6555240758417276,0.072138,0.13333442105273063
0.702,0.736291,0.6568909725230705,0.072138,0.1324033102126485
0.703,0.73671,0.6582587279970611,0.071274,0.13147326103748413
0.704,0.737129,0.6596273428032606,0.071274,0.13054427231671317
0.705,0.738384,0.6609968174815701,0.070842,0.1296163428411914
0.706,0.739221,0.662367152572229,0.07041,0.12868947140315334
0.707,0.740477,0.6637383486158155,0.069978,0.12776365679621082
0.708,0.742989,0.6651104061532498,0.069114,0.12683889781535085
0.709,0.742989,0.6664833257257896,0.068251,0.12591519325693468
0.71,0.745919,0.6678571078750333,0.066955,0.12499254191869558
0.711,0.746756,0.669231753142921,0.066955,0.12407094259973839
0.712,0.747593,0.6706072620717312,0.066091,0.12315039410053652
0.713,0.749267,0.6719836352040847,0.065227,0.12223089522293151
0.714,0.749686,0.673360873082941,0.064363,0.1213124447701307
0.715,0.750942,0.6747389762516043,0.063931,0.12039504154670644
0.716,0.752198,0.6761179452537169,0.062203,0.11947868435859366
0.717,0.753035,0.6774977806332647,0.061771,0.11856337201308931
0.718,0.75429,0.6788784829345735,0.061771,0.11764910331884981
0.719,0.755128,0.680260052702313,0.061771,0.1167358770858904
0.72,0.756383,0.6816424904814935,0.061771,0.11582369212558252
0.721,0.757221,0.6830257968174693,0.061771,0.1149125472506537
0.722,0.758058,0.6844099722559356,0.061339,0.11400244127518466
0.723,0.758895,0.6857950173429324,0.060475,0.11309337301460831
0.724,0.759732,0.6871809326248413,0.060475,0.11218534128570867
0.725,0.760988,0.6885677186483867,0.060043,0.11127834490661836
0.726,0.760988,0.6899553759606387,0.059611,0.11037238269681782
0.727,0.762244,0.6913439051090091,0.058315,0.10946745347713371
0.728,0.762662,0.6927333066412544,0.057451,0.10856355606973678
0.729,0.764337,0.6941235811054753,0.057019,0.10766068929814121
0.73,0.764755,0.6955147290501171,0.057019,0.10675885198720225
0.731,0.765592,0.6969067510239688,0.056587,0.10585804296311518
0.732,0.766848,0.6982996475761645,0.056156,0.10495826105341399
0.733,0.768104,0.6996934192561841,0.056156,0.10405950508696882
0.734,0.768522,0.7010880666138515,0.056156,0.10316177389398595
0.735,0.76936,0.7024835901993371,0.056156,0.10226506630600485
0.736,0.76936,0.7038799905631572,0.055724,0.10136938115589766
0.737,0.770615,0.7052772682561719,0.054428,0.10047471727786705
0.738,0.772708,0.70667542382959,0.053996,0.09958107350744527
0.739,0.774801,0.7080744578349651,0.053564,0.09868844868149196
0.74,0.776476,0.7094743708241966,0.051404,0.09779684163819313
0.741,0.776476,0.7108751633495334,0.051404,0.09690625121705954
0.742,0.77815,0.7122768359635689,0.051404,0.09601667625892518
0.743,0.779406,0.7136793892192441,0.050972,0.09512811560594558
0.744,0.780661,0.7150828236698488,0.05054,0.09424056810159664
0.745,0.78108,0.7164871398690178,0.05054,0.09335403259067288
0.746,0.781499,0.717892338370737,0.050108,0.09246850791928585
0.747,0.782754,0.7192984197293375,0.049244,0.09158399293486319
0.748,0.784847,0.7207053844995002,0.048812,0.09070048648614615
0.749,0.784847,0.7221132332362543,0.04838,0.08981798742318903
0.75,0.786522,0.7235219664949775,0.047948,0.08893649459735731
0.751,0.787359,0.7249315848313962,0.047516,0.0880560068613262
0.752,0.788614,0.7263420888015866,0.047516,0.08717652306907864
0.753,0.788614,0.7277534789619737,0.04622,0.08629804207590508
0.754,0.78987,0.7291657558693323,0.045356,0.08542056273840026
0.755,0.791545,0.7305789200807868,0.044924,0.08454408391446333
0.756,0.7928,0.7319929721538128,0.04406,0.0836686044632956
0.757,0.794056,0.7334079126462345,0.04406,0.08279412324539881
0.758,0.794893,0.7348237421162265,0.043629,0.08192063912257419
0.759,0.796568,0.7362404611223161,0.042765,0.08104815095792073
0.76,0.798242,0.7376580702233799,0.041901,0.08017665761583381
0.761,0.798661,0.7390765699786452,0.041469,0.07930615796200347
0.762,0.799079,0.7404959609476929,0.040605,0.07843665086341323
0.763,0.800335,0.7419162436904527,0.040605,0.07756813518833838
0.764,0.800753,0.7433374187672082,0.040173,0.07670060980634474
0.765,0.801591,0.7447594867385938,0.040173,0.07583407358828709
0.766,0.801591,0.7461824481655965,0.039741,0.0749685254063075
0.767,0.801591,0.7476063036095562,0.039309,0.07410396413383424
0.768,0.804521,0.7490310536321652,0.038877,0.0732403886455798
0.769,0.804939,0.7504566987954677,0.038013,0.07237779781754039
0.77,0.805358,0.7518832396618629,0.037149,0.07151619052699287
0.771,0.807451,0.7533106767941018,0.035853,0.07065556565249509
0.772,0.809125,0.7547390107552896,0.035421,0.06979592207388308
0.773,0.809544,0.7561682421088853,0.034989,0.06893725867227041
0.774,0.809544,0.7575983714187016,0.034557,0.06807957433004608
0.775,0.811218,0.7590293992489057,0.034557,0.06722286793087384
0.776,0.812892,0.7604613261640198,0.034557,0.06636713835968988
0.777,0.814567,0.7618941527289198,0.034125,0.06551238450270214
0.778,0.815823,0.7633278795088365,0.033693,0.0646586052473882
0.779,0.817078,0.7647625070693562,0.032829,0.06380579948249443
0.78,0.818753,0.7661980359764213,0.032829,0.06295396609803405
0.781,0.819171,0.7676344667963282,0.032829,0.06210310398528618
0.782,0.820846,0.7690718000957302,0.031533,0.06125321203679379
0.783,0.822101,0.7705100364416368,0.030238,0.060404289146362866
0.784,0.824613,0.7719491764014126,0.029806,0.05955633420906037
0.785,0.825869,0.7733892205427797,0.029374,0.05870934612121348
0.786,0.826287,0.7748301694338162,0.02851,0.057863323780407705
0.787,0.827124,0.7762720236429577,0.027214,0.057018266085485214
0.788,0.828799,0.7777147837389966,0.02635,0.05617417193654428
0.789,0.829636,0.7791584502910827,0.02635,0.055331040234936735
0.79,0.832566,0.7806030238687234,0.025054,0.05448886988326751
0.791,0.833403,0.7820485050417842,0.024622,0.053647659785392765
0.792,0.833822,0.7834948943804878,0.023758,0.05280740884641821
0.793,0.83424,0.7849421924554159,0.022894,0.05196811597269824
0.794,0.836752,0.7863903998375086,0.022894,0.05112978007183411
0.795,0.838008,0.787839517098065,0.022462,0.05029240005267288
0.796,0.839263,0.789289544808742,0.021598,0.04945597482530517
0.797,0.839682,0.7907404835415568,0.021598,0.048620503301065265
0.798,0.8401,0.7921923338688857,0.021166,0.04778598439252779
0.799,0.841356,0.7936450963634643,0.021166,0.04695241701350794
0.8,0.841356,0.7950987715983884,0.021166,0.046119800079058915
0.801,0.841775,0.7965533601471135,0.020734,0.04528813250547137
0.802,0.842193,0.7980088625834554,0.020302,0.044457413210271524
0.803,0.842612,0.7994652794815915,0.019438,0.04362764111221973
0.804,0.844286,0.8009226114160579,0.019006,0.04279881513130923
0.805,0.844705,0.8023808589617534,0.019006,0.04197093418876485
0.806,0.845123,0.8038400226939377,0.018143,0.041143997207041094
0.807,0.845123,0.805300103188231,0.017711,0.04031800310982159
0.808,0.845961,0.8067611010206164,0.017711,0.03949295082201665
0.809,0.846798,0.8082230167674378,0.017711,0.038668839269762834
0.81,0.847216,0.8096858510054019,0.017711,0.037845667380421055
0.811,0.847635,0.8111496043115773,0.017711,0.037023434082575135
0.812,0.848054,0.812614277263396,0.017711,0.036202138306030696
0.813,0.850147,0.8140798704386516,0.017279,0.035381778981813494
0.814,0.850565,0.8155463844155013,0.016415,0.03456235504216809
0.815,0.853077,0.8170138197724655,0.015983,0.03374386542055674
0.816,0.853495,0.8184821770884281,0.015119,0.03292630905165739
0.817,0.854751,0.8199514569426369,0.014687,0.03210968487136323
0.818,0.85517,0.8214216599147035,0.014255,0.031293991816780276
0.819,0.855588,0.8228927865846034,0.014255,0.03047922882622678
0.82,0.855588,0.8243648375326764,0.014255,0.029665394839231363
0.821,0.856007,0.8258378133396274,0.013823,0.028852488796531794
0.822,0.857681,0.8273117145865261,0.013823,0.028040509640073763
0.823,0.857681,0.828786541854807,0.013823,0.027229456313009215
0.824,0.858518,0.8302622957262698,0.013391,0.026419327759695355
0.825,0.859774,0.8317389767830805,0.013391,0.025610122925692758
0.826,0.86103,0.8332165856077693,0.013391,0.02480184075776437
0.827,0.861867,0.834695122783234,0.013391,0.023994480203874402
0.828,0.862704,0.8361745888927381,0.012959,0.02318804021318599
0.829,0.86396,0.8376549845199113,0.012527,0.02238251973606087
0.83,0.864378,0.8391363102487504,0.012095,0.021577917724057705
0.831,0.865634,0.8406185666636186,0.012095,0.020774233129930098
0.832,0.866471,0.8421017543492464,0.012095,0.019971464907626135
0.833,0.867727,0.8435858738907325,0.012095,0.01916961201228662
0.834,0.868146,0.8450709258735409,0.012095,0.018368673400243507
0.835,0.869401,0.8465569108835067,0.012095,0.01756864802901892
0.836,0.870657,0.8480438295068307,0.011663,0.016769534857323354
0.837,0.870657,0.8495316823300822,0.011663,0.015971332845055253
0.838,0.87275,0.8510204699402004,0.011231,0.015174040953298218
0.839,0.873169,0.8525101929244923,0.011231,0.014377658144321015
0.84,0.873169,0.854000851870633,0.011231,0.01358218338157513
0.841,0.873169,0.8554924473666687,0.011231,0.012787615629694438
0.842,0.874006,0.8569849800010136,0.011231,0.0119939538544932
0.843,0.874424,0.8584784503624527,0.011231,0.011201197022964515
0.844,0.87568,0.8599728590401396,0.011231,0.01040934410327976
0.845,0.876517,0.8614682066236001,0.011231,0.009618394064786706
0.846,0.877355,0.8629644937027277,0.011231,0.008828345878008292
0.847,0.878192,0.8644617208677883,0.011231,0.008039198514641188
0.848,0.879029,0.8659598887094189,0.011231,0.00725095094755468
0.849,0.879866,0.8674589978186262,0.011231,0.006463602150788894
0.85,0.880285,0.8689590487867893,0.011231,0.005677151099554134
0.851,0.881122,0.8704600422056588,0.011231,0.004891596770229212
0.852,0.882796,0.8719619786673565,0.011231,0.004106938140359673
0.853,0.884052,0.8734648587643756,0.011231,0.003323174188657241
0.854,0.88447,0.8749686830895846,0.010799,0.0025403038949980417
0.855,0.88447,0.8764734522362201,0.010367,0.0017583262404212707
0.856,0.886982,0.8779791667978951,0.010367,0.0009772402071280828
0.857,0.887819,0.8794858273685942,0.010367,0.00019704477848014879
0.858,0.887819,0.8809934345426738,0.010367,-0.0005822610610020096
0.859,0.888656,0.8825019889148662,0.010367,-0.001360678325639464
0.86,0.889075,0.8840114910802763,0.009935,-0.0021382080285972105
0.861,0.891586,0.8855219416343825,0.009935,-0.0029148511818848366
0.862,0.892424,0.8870333411730369,0.009935,-0.0036906087963579637
0.863,0.893679,0.8885456902924675,0.009935,-0.00446548188171958
0.864,0.894935,0.8900589895892759,0.009935,-0.005239471446521704
0.865,0.894935,0.8915732396604386,0.009935,-0.006012578498166055
0.866,0.897028,0.8930884411033075,0.009503,-0.006784804042905823
0.867,0.898284,0.8946045945156096,0.009503,-0.007556149085846897
0.868,0.899121,0.8961217004954467,0.009503,-0.008326614630949192
0.869,0.899958,0.8976397596412979,0.009071,-0.00909620168102765
0.87,0.901214,0.8991587725520171,0.009071,-0.009864911237754015
0.871,0.902051,0.9006787398268352,0.009071,-0.010632744301657726
0.872,0.903725,0.9021996620653592,0.009071,-0.011399701872127688
0.873,0.904144,0.9037215398675726,0.008639,-0.012165784947412939
0.874,0.904981,0.9052443738338363,0.008639,-0.012930994524624762
0.875,0.9054,0.9067681645648877,0.008639,-0.013695331599736904
0.876,0.9054,0.9082929126618431,0.008639,-0.0144587971675878
0.877,0.9054,0.909818618726195,0.008639,-0.015221392221882013
0.878,0.905818,0.9113452833598139,0.008207,-0.015983117755190124
0.879,0.906656,0.9128729071649497,0.008207,-0.01674397475895184
0.88,0.907074,0.9144014907442288,0.007775,-0.017503964223475887
0.881,0.907493,0.9159310347006582,0.007775,-0.018263087137942002
0.882,0.907493,0.9174615396376227,0.007775,-0.01902134449040216
0.883,0.907493,0.9189930061588856,0.007775,-0.019778737267781454
0.884,0.907493,0.9205254348685907,0.007775,-0.020535266455880108
0.885,0.90833,0.9220588263712612,0.007775,-0.021290933039373794
0.886,0.908748,0.9235931812717999,0.007775,-0.022045738001815862
0.887,0.910423,0.9251285001754888,0.007775,-0.022799682325637893
0.888,0.911679,0.9266647836879913,0.007343,-0.023552766992151586
0.889,0.913771,0.9282020324153513,0.007343,-0.024304992981549756
0.89,0.913771,0.9297402469639924,0.006911,-0.02505636127290689
0.891,0.915027,0.9312794279407208,0.006911,-0.02580687284418226
0.892,0.916283,0.9328195759527229,0.006911,-0.026556528672219137
0.893,0.91712,0.9343606916075664,0.006911,-0.027305329732747463
0.894,0.918794,0.935902775513201,0.006479,-0.028053277000384402
0.895,0.919632,0.9374458282779592,0.006479,-0.028800371448635786
0.896,0.92005,0.9389898505105541,0.006048,-0.02954661404989789
0.897,0.92005,0.9405348428200828,0.005616,-0.030292005775457542
0.898,0.920887,0.9420808058160242,0.005616,-0.03103654759549479
0.899,0.921725,0.94362774010824,0.005616,-0.03178024047908312
0.9,0.922562,0.9451756463069756,0.005184,-0.03252308539419102
0.901,0.923399,0.9467245250228598,0.004752,-0.03326508330768352
0.902,0.923817,0.9482743768669042,0.004752,-0.034006235185322864
0.903,0.923817,0.9498252024505056,0.00432,-0.03474654199177063
0.904,0.924655,0.9513770023854435,0.00432,-0.035486004690587936
0.905,0.92591,0.9529297772838834,0.00432,-0.03622462424423778
0.906,0.927166,0.9544835277583734,0.00432,-0.03696240161408515
0.907,0.928003,0.9560382544218491,0.00432,-0.037699337760399354
0.908,0.929259,0.9575939578876282,0.00432,-0.03843543364235458
0.909,0.929259,0.9591506387694155,0.003888,-0.03917069021803132
0.91,0.930515,0.9607082976813015,0.003888,-0.03990510844441775
0.911,0.930933,0.9622669352377622,0.003888,-0.04063868927741088
0.912,0.932189,0.9638265520536586,0.003888,-0.041371433671817726
0.913,0.933026,0.9653871487442405,0.003888,-0.04210334258135662
0.914,0.933864,0.9669487259251415,0.003456,-0.04283441695865864
0.915,0.935538,0.9685112842123835,0.003024,-0.04356465775526819
0.916,0.935956,0.9700748242223749,0.003024,-0.04429406592164531
0.917,0.936794,0.971639346571912,0.003024,-0.0450226424071658
0.918,0.940142,0.9732048518781784,0.003024,-0.045750388160123334
0.919,0.940142,0.9747713407587446,0.003024,-0.04647730412773021
0.92,0.940979,0.976338813831571,0.003024,-0.04720339125611861
0.921,0.943072,0.9779072717150032,0.003024,-0.047928650490342006
0.922,0.943491,0.9794767150277786,0.003024,-0.04865308277437619
0.923,0.94391,0.9810471443890212,0.002592,-0.049376689051121025
0.924,0.945165,0.9826185604182454,0.002592,-0.05009947026240069
0.925,0.946003,0.9841909637353534,0.002592,-0.050821427348965886
0.926,0.946421,0.9857643549606381,0.002592,-0.05154256125049439
0.927,0.94684,0.9873387347147806,0.00216,-0.05226287290559284
0.928,0.947258,0.988914103618854,0.00216,-0.05298236325179739
0.929,0.947677,0.9904904622943203,0.00216,-0.05370103322557562
0.93,0.948933,0.9920678113630321,0.00216,-0.05441888376232673
0.931,0.94977,0.9936461514472323,0.00216,-0.05513591579638366
0.932,0.94977,0.9952254831695557,0.00216,-0.05585213026101421
0.933,0.950607,0.9968058071530284,0.00216,-0.0565675280884218
0.934,0.951444,0.9983871240210667,0.00216,-0.05728211020974705
0.935,0.951863,0.9999694343974792,0.00216,-0.05799587755506874
0.936,0.9527,1.0015527389064662,0.001728,-0.0587088310534053
0.937,0.953537,1.003137038172621,0.001728,-0.05942097163271598
0.938,0.953956,1.0047223328209294,0.001728,-0.06013230021990168
0.939,0.954374,1.0063086234767675,0.001728,-0.06084281774080669
0.94,0.954793,1.0078959107659073,0.001728,-0.06155252512021936
0.941,0.955211,1.0094841953145124,0.001728,-0.062261423281873896
0.942,0.956049,1.0110734777491401,0.001728,-0.06296951314845112
0.943,0.956886,1.0126637586967415,0.001728,-0.06367679564157958
0.944,0.956886,1.0142550387846614,0.001728,-0.06438327168183744
0.945,0.957723,1.015847318640638,0.001728,-0.06508894218875283
0.946,0.958979,1.0174405988928064,0.001728,-0.0657938080808056
0.947,0.959816,1.019034880169693,0.001728,-0.0664978702754282
0.948,0.960653,1.0206301631002213,0.001296,-0.06720112968900716
0.949,0.961909,1.0222264483137093,0.001296,-0.06790358723688394
0.95,0.962746,1.0238237364398712,0.001296,-0.06860524383335675
0.951,0.96442,1.0254220281088149,0.001296,-0.06930610039168061
0.952,0.965676,1.0270213239510462,0.001296,-0.07000615782406983
0.953,0.966932,1.0286216245974662,0.001296,-0.0707054170416983
0.954,0.966932,1.0302229306793718,0.000864,-0.07140387895470113
0.955,0.96735,1.0318252428284576,0.000864,-0.07210154447217554
0.956,0.968606,1.0334285616768148,0.000864,-0.0727984145021825
0.957,0.97028,1.035032887856931,0.000864,-0.07349448995174712
0.958,0.971118,1.0366382220016919,0.000864,-0.07418977172686059
0.959,0.971118,1.0382445647443805,0.000864,-0.07488426073248089
0.96,0.971955,1.0398519167186782,0.000864,-0.07557795787253474
0.961,0.972792,1.0414602785586642,0.000864,-0.07627086404991734
0.962,0.972792,1.0430696508988155,0.000864,-0.07696298016649494
0.963,0.974048,1.0446800343740084,0.000864,-0.07765430712310539
0.964,0.974466,1.0462914296195185,0.000864,-0.07834484581955925
0.965,0.975303,1.0479038372710192,0.000432,-0.07903459715464145
0.966,0.977815,1.0495172579645848,0.000432,-0.07972356202611142
0.967,0.978652,1.0511316923366876,0.000432,-0.08041174133070572
0.968,0.979489,1.052747141024201,0.0,-0.08109913596413798
0.969,0.981164,1.0543636046643992,0.0,-0.08178574682110074
0.97,0.982001,1.0559810838949544,0.0,-0.08247157479526623
0.971,0.982419,1.0575995793539412,0.0,-0.08315662077928787
0.972,0.983675,1.0592190916798352,0.0,-0.08384088566480108
0.973,0.985768,1.060839621511512,0.0,-0.08452437034242488
0.974,0.987024,1.0624611694882498,0.0,-0.08520707570176256
0.975,0.987861,1.0640837362497273,0.0,-0.08588900263140309
0.976,0.98828,1.0657073224360263,0.0,-0.08657015201892249
0.977,0.989954,1.0673319286876295,0.0,-0.08725052475088435
0.978,0.989954,1.0689575556454234,0.0,-0.08793012171284187
0.979,0.990373,1.0705842039506959,0.0,-0.08860894378933803
0.98,0.99121,1.072211874245138,0.0,-0.08928699186390787
0.981,0.991628,1.0738405671708444,0.0,-0.08996426681907843
0.982,0.991628,1.0754702833703134,0.0,-0.09064076953637035
0.983,0.993303,1.0771010234864462,0.0,-0.09131650089630006
0.984,0.993721,1.0787327881625484,0.0,-0.09199146177837925
0.985,0.994558,1.0803655780423294,0.0,-0.09266565306111707
0.986,0.995396,1.0819993937699037,0.0,-0.0933390756220206
0.987,0.995396,1.0836342359897893,0.0,-0.0940117303375968
0.988,0.995814,1.0852701053469105,0.0,-0.09468361808335324
0.989,0.995814,1.086907002486596,0.0,-0.09535473973379882
0.99,0.996651,1.0885449280545803,0.0,-0.0960250961624457
0.991,0.99707,1.0901838826970034,0.0,-0.09669468824180993
0.992,0.997488,1.091823867060411,0.0,-0.0973635168434126
0.993,0.998326,1.093464881791755,0.0,-0.09803158283778135
0.994,0.998326,1.0951069275383947,0.0,-0.09869888709445096
0.995,0.998326,1.0967500049480956,0.0,-0.09936543048196478
0.996,0.999163,1.0983941146690295,0.0,-0.10003121386787583
0.997,0.999581,1.1000392573497766,0.0,-0.10069623811874817
0.998,0.999581,1.1016854336393236,0.0,-0.10136050410015773
0.999,1.0,1.1033326441870657,0.0,-0.10202401267669303
1.0,1.0,1.1049808896428044,0.0,-0.10268676471195748
